# ************************************************************
# Sequel Ace SQL dump
# Version 20089
#
# https://sequel-ace.com/
# https://github.com/Sequel-Ace/Sequel-Ace
#
# Host: 127.0.0.1 (MySQL 11.8.2-MariaDB-ubu2404)
# Database: blablaprice
# Generation Time: 2025-07-04 14:52:54 +0000
# ************************************************************


/*!40101 SET @OLD_CHARACTER_SET_CLIENT=@@CHARACTER_SET_CLIENT */;
/*!40101 SET @OLD_CHARACTER_SET_RESULTS=@@CHARACTER_SET_RESULTS */;
/*!40101 SET @OLD_COLLATION_CONNECTION=@@COLLATION_CONNECTION */;
SET NAMES utf8mb4;
/*!40014 SET @OLD_FOREIGN_KEY_CHECKS=@@FOREIGN_KEY_CHECKS, FOREIGN_KEY_CHECKS=0 */;
/*!40101 SET @OLD_SQL_MODE='NO_AUTO_VALUE_ON_ZERO', SQL_MODE='NO_AUTO_VALUE_ON_ZERO' */;
/*!40111 SET @OLD_SQL_NOTES=@@SQL_NOTES, SQL_NOTES=0 */;


# Dump of table category
# ------------------------------------------------------------

DROP TABLE IF EXISTS `category`;

CREATE TABLE `category` (
  `ID` bigint(20) NOT NULL,
  `created_at` timestamp NULL DEFAULT NULL,
  `updated_at` timestamp NULL DEFAULT current_timestamp() ON UPDATE current_timestamp(),
  `parentID` bigint(20) NOT NULL,
  `primary_category_id` bigint(20) NOT NULL DEFAULT 0,
  `name` varchar(255) NOT NULL,
  `seolink` varchar(255) DEFAULT NULL,
  `price` int(11) NOT NULL,
  PRIMARY KEY (`ID`,`parentID`) USING BTREE,
  KEY `idx-category-parentid` (`parentID`),
  KEY `idx-category-primary_category_id` (`primary_category_id`),
  KEY `price` (`price`)
) ENGINE=InnoDB DEFAULT CHARSET=utf8mb3 COLLATE=utf8mb3_unicode_ci;

LOCK TABLES `category` WRITE;
/*!40000 ALTER TABLE `category` DISABLE KEYS */;

INSERT INTO `category` (`ID`, `created_at`, `updated_at`, `parentID`, `primary_category_id`, `name`, `seolink`, `price`)
VALUES
	(22,'2024-04-19 21:30:00','2024-04-19 21:30:00',0,0,'Дитячий світ','detskiy-mir',0),
	(23,'2024-04-19 21:30:00','2024-04-19 21:30:00',22,22,'Дитячий одяг','detskaya-odezhda',0),
	(24,'2024-04-19 21:30:00','2024-04-19 21:30:00',23,22,'Одяг для хлопчиків','odezhda-dlya-malchikov',0),
	(25,'2024-04-19 21:30:00','2024-04-19 21:30:00',23,22,'Одяг для дівчаток','odezhda-dlya-devochek',0),
	(26,'2024-04-19 21:30:00','2024-04-19 21:30:00',23,22,'Одяг для новонароджених','odezhda-dlya-novorozhdennyh',0),
	(27,'2024-04-19 21:30:00','2024-04-19 21:30:00',22,22,'Дитяче взуття','detskaya-obuv',0),
	(28,'2024-04-19 21:30:00','2024-04-19 21:30:00',22,22,'Дитячі коляски','detskie-kolyaski',0),
	(29,'2024-04-19 21:30:00','2024-04-19 21:30:00',22,22,'Дитячі автокрісла','detskie-avtokresla',0),
	(30,'2024-04-19 21:30:00','2024-04-19 21:30:00',22,22,'Дитячі меблі','detskaya-mebel',0),
	(31,'2024-04-19 21:30:00','2024-04-19 21:30:00',22,22,'Іграшки','igrushki',0),
	(32,'2024-04-19 21:30:00','2024-04-19 21:30:00',31,22,'Конструктори','konstruktory',0),
	(33,'2024-04-19 21:30:00','2024-04-19 21:30:00',31,22,'Ляльки та пупси','kukly-pupsy',0),
	(34,'2024-04-19 21:30:00','2024-04-19 21:30:00',31,22,'Аксесуари для ляльок та пупсів','aksessuary-dlya-kukol-pupsov',0),
	(35,'2024-04-19 21:30:00','2024-04-19 21:30:00',31,22,'Розвиваючі іграшки','razvivayushchie-igrushki',0),
	(36,'2024-04-19 21:30:00','2024-04-19 21:30:00',31,22,'М\'які іграшки','myagkie-igrushki',0),
	(37,'2024-04-19 21:30:00','2024-04-19 21:30:00',31,22,'Настільні ігри та пазли','nastolnye-igry-pazly',0),
	(38,'2024-04-19 21:30:00','2024-04-19 21:30:00',31,22,'Брязкальця та підвіски','pogremushki-podveski',0),
	(39,'2024-04-19 21:30:00','2024-04-19 21:30:00',31,22,'Іграшки для купання','igrushki-dlya-kupaniya',0),
	(40,'2024-04-19 21:30:00','2024-04-19 21:30:00',31,22,'Іграшкова зброя','igrushechnoe-oruzhie',0),
	(41,'2024-04-19 21:30:00','2024-04-19 21:30:00',31,22,'Ігрові фігурки','igrovye-figurki',0),
	(42,'2024-04-19 21:30:00','2024-04-19 21:30:00',31,22,'Іграшковий транспорт','igrushechniy-transport',0),
	(43,'2024-04-19 21:30:00','2024-04-19 21:30:00',31,22,'Набори для творчості','nabory-dlya-tvorchestva',0),
	(44,'2024-04-19 21:30:00','2024-04-19 21:30:00',31,22,'Ігрові набори','igrovye-nabory',0),
	(45,'2024-04-19 21:30:00','2024-04-19 21:30:00',31,22,'Іграшки для пісочниці','igrushki-dlya-pesochnitsy',0),
	(46,'2024-04-19 21:30:00','2024-04-19 21:30:00',31,22,'Дитячі м\'ячі','detskie-myachi',0),
	(47,'2024-04-19 21:30:00','2024-04-19 21:30:00',31,22,'Дитячі маски','detskie-maski',0),
	(48,'2024-04-19 21:30:00','2024-04-19 21:30:00',31,22,'Інші іграшки для дітей','drugoe',0),
	(49,'2024-04-19 21:30:00','2024-04-19 21:30:00',22,22,'Дитячий транспорт','detskiy-transport',0),
	(50,'2024-04-19 21:30:00','2024-04-19 21:30:00',22,22,'Годування','kormlenie',0),
	(51,'2024-04-19 21:30:00','2024-04-19 21:30:00',22,22,'Товари для школярів','tovary-dlya-shkolnikov',0),
	(52,'2024-04-19 21:30:00','2024-04-19 21:30:00',22,22,'Інші дитячі товари','prochie-detskie-tovary',0),
	(53,'2024-04-19 21:30:00','2024-04-19 21:30:00',0,0,'Нерухомість','nedvizhimost',0),
	(54,'2024-04-19 21:30:00','2024-04-19 21:30:00',53,53,'Квартири','kvartiry',0),
	(55,'2024-04-19 21:30:00','2024-04-19 21:30:00',54,53,'Продаж квартир','prodazha-kvartir',0),
	(56,'2024-04-19 21:30:00','2024-04-19 21:30:00',54,53,'Довгострокова оренда квартир','dolgosrochnaya-arenda-kvartir',0),
	(57,'2024-04-19 21:30:00','2024-04-19 21:30:00',53,53,'Кімнати','komnaty',0),
	(58,'2024-04-19 21:30:00','2024-04-19 21:30:00',57,53,'Продаж кімнат','prodazha-komnat',0),
	(59,'2024-04-19 21:30:00','2024-04-19 21:30:00',57,53,'Довгострокова оренда кімнат','dolgosrochnaya-arenda-komnat',0),
	(60,'2024-04-19 21:30:00','2024-04-19 21:30:00',53,53,'Будинки','doma',0),
	(61,'2024-04-19 21:30:00','2024-04-19 21:30:00',60,53,'Довгострокова оренда будинків','arenda-domov',0),
	(62,'2024-04-19 21:30:00','2024-04-19 21:30:00',60,53,'Продаж будинків','prodazha-domov',0),
	(63,'2024-04-19 21:30:00','2024-04-19 21:30:00',53,53,'Подобова оренда житла','posutochno-pochasovo',0),
	(64,'2024-04-19 21:30:00','2024-04-19 21:30:00',63,53,'Будинки подобово, погодинно','posutochno-pochasovo-doma',0),
	(65,'2024-04-19 21:30:00','2024-04-19 21:30:00',63,53,'Квартири подобово, погодинно','posutochno-pochasovo-kvartiry',0),
	(66,'2024-04-19 21:30:00','2024-04-19 21:30:00',63,53,'Кімнати подобово, погодинно','posutochno-pochasovo-komnaty',0),
	(67,'2024-04-19 21:30:00','2024-04-19 21:30:00',63,53,'Готелі, бази відпочинку','posutochno-pochasovo-oteli',0),
	(68,'2024-04-19 21:30:00','2024-04-19 21:30:00',63,53,'Хостели, койко-місця','posutochno-pochasovo-khostely',0),
	(69,'2024-04-19 21:30:00','2024-04-19 21:30:00',63,53,'Пропозиції Туроператорів','predlozheniya-turoperatorov',0),
	(70,'2024-04-19 21:30:00','2024-04-19 21:30:00',53,53,'Земля','zemlya',0),
	(71,'2024-04-19 21:30:00','2024-04-19 21:30:00',70,53,'Оренда землі','arenda-zemli',0),
	(72,'2024-04-19 21:30:00','2024-04-19 21:30:00',70,53,'Продаж землі','prodazha-zemli',0),
	(73,'2024-04-19 21:30:00','2024-04-19 21:30:00',53,53,'Комерційна нерухомість','kommercheskaya-nedvizhimost',0),
	(74,'2024-04-19 21:30:00','2024-04-19 21:30:00',73,53,'Продаж комерційної нерухомості','prodazha-kommercheskoy-nedvizhimosti',0),
	(75,'2024-04-19 21:30:00','2024-04-19 21:30:00',73,53,'Оренда комерційної нерухомості','arenda-kommercheskoy-nedvizhimosti',0),
	(76,'2024-04-19 21:30:00','2024-04-19 21:30:00',73,53,'Коворкінги','kovorkingi',0),
	(77,'2024-04-19 21:30:00','2024-04-19 21:30:00',53,53,'Гаражі, парковки','garazhy-parkovki',0),
	(78,'2024-04-19 21:30:00','2024-04-19 21:30:00',77,53,'Оренда гаражів, парковок','arenda-garazhey-parkovok',0),
	(79,'2024-04-19 21:30:00','2024-04-19 21:30:00',77,53,'Продаж гаражів, парковок','prodazha-garazhey-parkovok',0),
	(80,'2024-04-19 21:30:00','2024-04-19 21:30:00',53,53,'Нерухомість за кордоном','nedvizhimost-za-rubezhom',0),
	(81,'2024-04-19 21:30:00','2024-04-19 21:30:00',0,0,'Авто','transport',0),
	(82,'2024-04-19 21:30:00','2024-04-19 21:30:00',81,81,'Легкові автомобілі','legkovye-avtomobili',0),
	(83,'2024-04-19 21:30:00','2024-04-19 21:30:00',82,81,'Електромобілі','elektromobili',0),
	(84,'2024-04-19 21:30:00','2024-04-19 21:30:00',82,81,'Бензинові авто','benzinovi_avto',0),
	(85,'2024-04-19 21:30:00','2024-04-19 21:30:00',82,81,'Дизельні авто','dizelni_avto',0),
	(86,'2024-04-19 21:30:00','2024-04-19 21:30:00',82,81,'Гібридні авто','hibridni_avto',0),
	(87,'2024-04-19 21:30:00','2024-04-19 21:30:00',82,81,'Газ / ГБО','gaz_gbo',0),
	(88,'2024-04-19 21:30:00','2024-04-19 21:30:00',82,81,'Міські авто (компактні)','miski_avto_kompaktni',0),
	(89,'2024-04-19 21:30:00','2024-04-19 21:30:00',82,81,'Сімейні авто / авто для родини','simeyni_avto',0),
	(90,'2024-04-19 21:30:00','2024-04-19 21:30:00',82,81,'Бізнес-клас / преміум','biznes_klas_premium',0),
	(91,'2024-04-19 21:30:00','2024-04-19 21:30:00',82,81,'Авто після ДТП','avto_pislya_dtp',0),
	(92,'2024-04-19 21:30:00','2024-04-19 21:30:00',82,81,'Авто на запчастини','avto_na_zapchastyny',0),
	(93,'2024-04-19 21:30:00','2024-04-19 21:30:00',82,81,'Авто з документами/без','avto_z_dokumentamy_bez',0),
	(94,'2024-04-19 21:30:00','2024-04-19 21:30:00',82,81,'Авто з США / Кореї / Європи','avto_z_ssha_korei_yevropy',0),
	(95,'2024-04-19 21:30:00','2024-04-19 21:30:00',82,81,'Авто з Китаю','avto_z_kytayu',0),
	(96,'2024-04-19 21:30:00','2024-04-19 21:30:00',82,81,'Авто для новачків','avto_dlya_novachkiv',0),
	(97,'2024-04-19 21:30:00','2024-04-19 21:30:00',82,81,'Авто без пробігу','avto_bez_probigu',0),
	(98,'2024-04-19 21:30:00','2024-04-19 21:30:00',82,81,'Авто з пробігом','avto_z_probigom',0),
	(99,'2024-04-19 21:30:00','2024-04-19 21:30:00',82,81,'Авто на єврономерах','avto_na_yevronomerakh',0),
	(100,'2024-04-19 21:30:00','2024-04-19 21:30:00',82,81,'Кабріолети','kabriolety',0),
	(101,'2024-04-19 21:30:00','2024-04-19 21:30:00',82,81,'Купе','kupe',0),
	(102,'2024-04-19 21:30:00','2024-04-19 21:30:00',82,81,'Седани','sedany',0),
	(103,'2024-04-19 21:30:00','2024-04-19 21:30:00',82,81,'Хетчбеки','hetchbeky',0),
	(104,'2024-04-19 21:30:00','2024-04-19 21:30:00',82,81,'Універсали','universaly',0),
	(105,'2024-04-19 21:30:00','2024-04-19 21:30:00',82,81,'Кросовери','krosowery',0),
	(106,'2024-04-19 21:30:00','2024-04-19 21:30:00',82,81,'Позашляховики','pozashlyakhovyky',0),
	(107,'2024-04-19 21:30:00','2024-04-19 21:30:00',82,81,'Мінівени','miniveny',0),
	(108,'2024-04-19 21:30:00','2024-04-19 21:30:00',82,81,'Пікапи','pikapy',0),
	(109,'2024-04-19 21:30:00','2024-04-19 21:30:00',82,81,'Авто на обмін','avto_na_obmin',0),
	(178,'2024-04-19 21:30:00','2024-04-19 21:30:00',81,81,'Вантажні автомобілі','gruzovye-avtomobili',0),
	(179,'2024-04-19 21:30:00','2024-04-19 21:30:00',81,81,'Автобуси','avtobusy',0),
	(180,'2024-04-19 21:30:00','2024-04-19 21:30:00',81,81,'Мото','moto',0),
	(181,'2024-04-19 21:30:00','2024-04-19 21:30:00',180,81,'Мотоцикли','mototsikly',0),
	(182,'2024-04-19 21:30:00','2024-04-19 21:30:00',180,81,'Мопеди / скутери','mopedy-skutery',0),
	(183,'2024-04-19 21:30:00','2024-04-19 21:30:00',180,81,'Квадроцикли','kvadrotsikly',0),
	(184,'2024-04-19 21:30:00','2024-04-19 21:30:00',180,81,'Електросамокати / гіроскутери','elektrosamokaty-hiroskutery',0),
	(185,'2024-04-19 21:30:00','2024-04-19 21:30:00',180,81,'Електроскутери','elektroskutery',0),
	(186,'2024-04-19 21:30:00','2024-04-19 21:30:00',180,81,'Максі-скутер','maksi-skuter',0),
	(187,'2024-04-19 21:30:00','2024-04-19 21:30:00',180,81,'Електромотоцикли','elektromotosykly',0),
	(188,'2024-04-19 21:30:00','2024-04-19 21:30:00',180,81,'Електроквадрацикли','elektrokvadratsykly',0),
	(189,'2024-04-19 21:30:00','2024-04-19 21:30:00',180,81,'Баггі','bahhi',0),
	(190,'2024-04-19 21:30:00','2024-04-19 21:30:00',180,81,'Картинг','kartynh',0),
	(191,'2024-04-19 21:30:00','2024-04-19 21:30:00',180,81,'Снігохід','snihokhid',0),
	(192,'2024-04-19 21:30:00','2024-04-19 21:30:00',180,81,'Мото - інше','moto-prochee',0),
	(193,'2024-04-19 21:30:00','2024-04-19 21:30:00',81,81,'Спецтехніка','spetstehnika',0),
	(194,'2024-04-19 21:30:00','2024-04-19 21:30:00',193,81,'Бульдозери / трактори','buldozery-traktory',0),
	(195,'2024-04-19 21:30:00','2024-04-19 21:30:00',193,81,'Комунальна техніка','kommunalnaya-tehnika',0),
	(196,'2024-04-19 21:30:00','2024-04-19 21:30:00',193,81,'Навантажувачі','pogruzchiki',0),
	(197,'2024-04-19 21:30:00','2024-04-19 21:30:00',193,81,'Самоскиди','samosvaly',0),
	(198,'2024-04-19 21:30:00','2024-04-19 21:30:00',193,81,'Будівельна техніка','stroitelnaya-tehnika',0),
	(199,'2024-04-19 21:30:00','2024-04-19 21:30:00',193,81,'Екскаватори','ekskavatory',0),
	(200,'2024-04-19 21:30:00','2024-04-19 21:30:00',193,81,'Автовишки','avtovyshky',0),
	(201,'2024-04-19 21:30:00','2024-04-19 21:30:00',193,81,'Мінінавантажувач','mininavantazhuvach',0),
	(202,'2024-04-19 21:30:00','2024-04-19 21:30:00',193,81,'Бетонозмішувачі (міксери)','betonozmishuvachi',0),
	(203,'2024-04-19 21:30:00','2024-04-19 21:30:00',193,81,'Бетононасоси','betononasosy',0),
	(204,'2024-04-19 21:30:00','2024-04-19 21:30:00',193,81,'Бурова установка','burova-ustanovka',0),
	(205,'2024-04-19 21:30:00','2024-04-19 21:30:00',193,81,'Сміттєвоз','smittievoz',0),
	(206,'2024-04-19 21:30:00','2024-04-19 21:30:00',193,81,'Лісозаготівельна техніка','lisozahotivelna-tekhnika',0),
	(207,'2024-04-19 21:30:00','2024-04-19 21:30:00',193,81,'Машина асенізатор (вакуумна)','mashyna-asenizator',0),
	(208,'2024-04-19 21:30:00','2024-04-19 21:30:00',193,81,'Автокрани та маніпулятори','avtokrany-ta-manipuliatory',0),
	(209,'2024-04-19 21:30:00','2024-04-19 21:30:00',193,81,'Автогрейдер','avtohreider',0),
	(210,'2024-04-19 21:30:00','2024-04-19 21:30:00',193,81,'Асфальтоукладач','asfaltoukladach',0),
	(211,'2024-04-19 21:30:00','2024-04-19 21:30:00',193,81,'Дорожній каток','dorozhnii-katok',0),
	(212,'2024-04-19 21:30:00','2024-04-19 21:30:00',193,81,'Всюдиходи','vsiudykhody',0),
	(213,'2024-04-19 21:30:00','2024-04-19 21:30:00',193,81,'Обладнання для спецтехніки','oborudovanie-dlya-spetstehniki',0),
	(214,'2024-04-19 21:30:00','2024-04-19 21:30:00',193,81,'Інша спецтехніка','prochaya-spetstehnika',0),
	(215,'2024-04-19 21:30:00','2024-04-19 21:30:00',81,81,'Сільгосптехніка','selhoztehnika',0),
	(216,'2024-04-19 21:30:00','2024-04-19 21:30:00',215,81,'Трактор сільськогосподарський','traktor-silskohospodarskyi',0),
	(217,'2024-04-19 21:30:00','2024-04-19 21:30:00',215,81,'Мотоблок','motoblok',0),
	(218,'2024-04-19 21:30:00','2024-04-19 21:30:00',215,81,'Мотокультиватор','motokultyvator',0),
	(219,'2024-04-19 21:30:00','2024-04-19 21:30:00',215,81,'Міні-трактор','mini-traktor',0),
	(220,'2024-04-19 21:30:00','2024-04-19 21:30:00',215,81,'Комбайн','kombain',0),
	(221,'2024-04-19 21:30:00','2024-04-19 21:30:00',215,81,'Навісне та додаткове обладнання','navisne-obladnannia',0),
	(222,'2024-04-19 21:30:00','2024-04-19 21:30:00',215,81,'Інша сільгосптехніка','insha-silhosptekhnika',0),
	(223,'2024-04-19 21:30:00','2024-04-19 21:30:00',81,81,'Водний транспорт','vodnyy-transport',0),
	(224,'2024-04-19 21:30:00','2024-04-19 21:30:00',223,81,'Яхта','yakhta',0),
	(225,'2024-04-19 21:30:00','2024-04-19 21:30:00',223,81,'Катер','kater',0),
	(226,'2024-04-19 21:30:00','2024-04-19 21:30:00',223,81,'Моторний човен','motornyi-choven',0),
	(227,'2024-04-19 21:30:00','2024-04-19 21:30:00',223,81,'Катамаран','katamaran',0),
	(228,'2024-04-19 21:30:00','2024-04-19 21:30:00',223,81,'Гребний човен','hrebnyi-choven',0),
	(229,'2024-04-19 21:30:00','2024-04-19 21:30:00',223,81,'Гідроцикл','hidrotsykl',0),
	(230,'2024-04-19 21:30:00','2024-04-19 21:30:00',223,81,'Каяк','kaiak',0),
	(231,'2024-04-19 21:30:00','2024-04-19 21:30:00',223,81,'Інший водний транспорт','inshyi-vodnyi-transport',0),
	(278,'2024-04-19 21:30:00','2024-04-19 21:30:00',81,81,'Причепи / будинки на колесах','pritsepy-doma-na-kolesah',0),
	(279,'2024-04-19 21:30:00','2024-04-19 21:30:00',278,81,'Легковий причіп','lehkovyi-prychip',0),
	(280,'2024-04-19 21:30:00','2024-04-19 21:30:00',278,81,'Лафет','lafet',0),
	(281,'2024-04-19 21:30:00','2024-04-19 21:30:00',278,81,'Напівпричіп','napivprychip',0),
	(282,'2024-04-19 21:30:00','2024-04-19 21:30:00',278,81,'Бортовий напівпричіп','bortovyi-napivprychip',0),
	(283,'2024-04-19 21:30:00','2024-04-19 21:30:00',278,81,'Вантажний причіп','vantazhnyi-prychip',0),
	(284,'2024-04-19 21:30:00','2024-04-19 21:30:00',278,81,'Причіп контейнеровоз','prychip-konteinerovoz',0),
	(285,'2024-04-19 21:30:00','2024-04-19 21:30:00',278,81,'Причіп зерновоз','prychip-zernovoz',0),
	(286,'2024-04-19 21:30:00','2024-04-19 21:30:00',278,81,'Самоскид напівпричіп','samoskyd-napivprychip',0),
	(287,'2024-04-19 21:30:00','2024-04-19 21:30:00',278,81,'Трал','tral',0),
	(288,'2024-04-19 21:30:00','2024-04-19 21:30:00',278,81,'Торговий причіп','torhovyi-prychip',0),
	(289,'2024-04-19 21:30:00','2024-04-19 21:30:00',278,81,'Тракторний причіп','traktornyi-prychip',0),
	(290,'2024-04-19 21:30:00','2024-04-19 21:30:00',278,81,'Причіп фургон','prychip-furhon',0),
	(291,'2024-04-19 21:30:00','2024-04-19 21:30:00',278,81,'Причепи цистерни','prychepy-tsysterny',0),
	(292,'2024-04-19 21:30:00','2024-04-19 21:30:00',278,81,'Автодім','avtodim',0),
	(293,'2024-04-19 21:30:00','2024-04-19 21:30:00',278,81,'Кемпінг','kempinh',0),
	(294,'2024-04-19 21:30:00','2024-04-19 21:30:00',278,81,'Причіп дача','prychip-dacha',0),
	(295,'2024-04-19 21:30:00','2024-04-19 21:30:00',278,81,'Інші причепи','inshi-prychepy',0),
	(301,'2024-04-19 21:30:00','2024-04-19 21:30:00',81,81,'Інший транспорт','drugoy-transport',0),
	(302,'2024-04-19 21:30:00','2024-04-19 21:30:00',301,81,'Літаки','samolety',0),
	(303,'2024-04-19 21:30:00','2024-04-19 21:30:00',301,81,'Гелікоптери','vertolety',0),
	(304,'2024-04-19 21:30:00','2024-04-19 21:30:00',301,81,'Дельтаплани','deltaplany',0),
	(305,'2024-04-19 21:30:00','2024-04-19 21:30:00',301,81,'Карети','karety',0),
	(306,'2024-04-19 21:30:00','2024-04-19 21:30:00',301,81,'Залізничні тепловози','zhd-teplovozy',0),
	(307,'2024-04-19 21:30:00','2024-04-19 21:30:00',301,81,'Залізничні вагони','zhd-vagony',0),
	(308,'2024-04-19 21:30:00','2024-04-19 21:30:00',301,81,'Інші види транспорту','drugiye-vidy-transporta',0),
	(309,'2024-04-19 21:30:00','2024-04-19 21:30:00',0,0,'Запчастини для транспорту','zapchasti-dlya-transporta',0),
	(310,'2024-04-19 21:30:00','2024-04-19 21:30:00',309,309,'Автозапчастини','avtozapchasti',0),
	(311,'2024-04-19 21:30:00','2024-04-19 21:30:00',310,309,'Двигун','dvigatel',0),
	(312,'2024-04-19 21:30:00','2024-04-19 21:30:00',310,309,'Вихлопна система','vykhlopnaya-sistema',0),
	(313,'2024-04-19 21:30:00','2024-04-19 21:30:00',310,309,'Трансмісія / КПП та АКПП','transmissiya-kpp-i-akpp',0),
	(314,'2024-04-19 21:30:00','2024-04-19 21:30:00',310,309,'Кермове управління','rulevoye-upravleniye',0),
	(315,'2024-04-19 21:30:00','2024-04-19 21:30:00',310,309,'Ходова частина / підвіска','khodovaya-chast-podveska',0),
	(316,'2024-04-19 21:30:00','2024-04-19 21:30:00',310,309,'Паливна система','toplivnaya-sistema',0),
	(317,'2024-04-19 21:30:00','2024-04-19 21:30:00',310,309,'Гальмівна система','tormoznaya-sistema',0),
	(318,'2024-04-19 21:30:00','2024-04-19 21:30:00',310,309,'Кузовні запчастини','kuzovnyye-zapchasti',0),
	(319,'2024-04-19 21:30:00','2024-04-19 21:30:00',310,309,'Деталі салону','detali-salona',0),
	(320,'2024-04-19 21:30:00','2024-04-19 21:30:00',310,309,'Кондиціонер, обігрівач, вентиляція','konditsioner-otopitel-ventilyatsiya',0),
	(321,'2024-04-19 21:30:00','2024-04-19 21:30:00',310,309,'Система подачі повітря','sistema-podachi-vozdukha',0),
	(322,'2024-04-19 21:30:00','2024-04-19 21:30:00',310,309,'Система запалювання','sistema-zazhiganiya',0),
	(323,'2024-04-19 21:30:00','2024-04-19 21:30:00',310,309,'Система очищення вікон та фар','sistema-ochistki-okon-i-far',0),
	(324,'2024-04-19 21:30:00','2024-04-19 21:30:00',310,309,'Фари та освітлення','fary-i-osveshcheniye',0),
	(325,'2024-04-19 21:30:00','2024-04-19 21:30:00',310,309,'Електрообладнання','elektrooborudovaniye',0),
	(326,'2024-04-19 21:30:00','2024-04-19 21:30:00',310,309,'Фільтри','filtry',0),
	(327,'2024-04-19 21:30:00','2024-04-19 21:30:00',310,309,'Автоскло','avtostekla',0),
	(328,'2024-04-19 21:30:00','2024-04-19 21:30:00',310,309,'ГБО','gbo',0),
	(329,'2024-04-19 21:30:00','2024-04-19 21:30:00',310,309,'Інші види запчастин','drugiye-vidy-zapchastey',0),
	(330,'2024-04-19 21:30:00','2024-04-19 21:30:00',309,309,'Аксесуари для авто','aksessuary-dlya-avto',0),
	(331,'2024-04-19 21:30:00','2024-04-19 21:30:00',330,309,'Авто інструменти, набори ключів','avto-instrumenty-nabory-klyuchey',0),
	(332,'2024-04-19 21:30:00','2024-04-19 21:30:00',330,309,'Автоковрики','avtokovriki',0),
	(333,'2024-04-19 21:30:00','2024-04-19 21:30:00',330,309,'Автомобільний органайзер','organayzery-avtomobilnyye',0),
	(334,'2024-04-19 21:30:00','2024-04-19 21:30:00',330,309,'Автонасоси, компресори, манометри','avto-nasosy-kompressory-manometry',0),
	(335,'2024-04-19 21:30:00','2024-04-19 21:30:00',330,309,'Автоподушки','podushki-v-avtomobil',0),
	(336,'2024-04-19 21:30:00','2024-04-19 21:30:00',330,309,'Автосигналізації, блокувачі','avtosignalizatsii-blokiratory',0),
	(337,'2024-04-19 21:30:00','2024-04-19 21:30:00',330,309,'Автохолодильники','avtokholodilniki',0),
	(338,'2024-04-19 21:30:00','2024-04-19 21:30:00',330,309,'Автошторки','avtoshtorki',0),
	(339,'2024-04-19 21:30:00','2024-04-19 21:30:00',330,309,'Ароматизатори, озонатори','aromatizatory-ozonatory',0),
	(340,'2024-04-19 21:30:00','2024-04-19 21:30:00',330,309,'Багажники','bagazhniki',0),
	(341,'2024-04-19 21:30:00','2024-04-19 21:30:00',330,309,'Бризковики','bryzgoviki',0),
	(342,'2024-04-19 21:30:00','2024-04-19 21:30:00',330,309,'Вентилятор в авто','ventilyatory-avtomobilnyye',0),
	(343,'2024-04-19 21:30:00','2024-04-19 21:30:00',330,309,'Вогнегасник, аптечка, аварійка','ognetushitel-aptechka-avariyka',0),
	(344,'2024-04-19 21:30:00','2024-04-19 21:30:00',330,309,'Декоративна підсвітка авто','dekorativnaya-podsvetka-avto',0),
	(345,'2024-04-19 21:30:00','2024-04-19 21:30:00',330,309,'Для тюнінгу','dlya-tyuninga',0),
	(346,'2024-04-19 21:30:00','2024-04-19 21:30:00',330,309,'Дефлектори','deflektory',0),
	(347,'2024-04-19 21:30:00','2024-04-19 21:30:00',330,309,'Домкрати','domkraty',0),
	(348,'2024-04-19 21:30:00','2024-04-19 21:30:00',330,309,'Елементи кріплення','krepezhnyye-elementy',0),
	(349,'2024-04-19 21:30:00','2024-04-19 21:30:00',330,309,'Каністри','kanistry',0),
	(350,'2024-04-19 21:30:00','2024-04-19 21:30:00',330,309,'Ланцюги, браслети протиковзання','tsepi-braslety-protivoskolzheniya',0),
	(351,'2024-04-19 21:30:00','2024-04-19 21:30:00',330,309,'Лебідки','lebedki',0),
	(352,'2024-04-19 21:30:00','2024-04-19 21:30:00',330,309,'Наклейки, емблеми, значки','nakleyki-emblemy-znachki',0),
	(353,'2024-04-19 21:30:00','2024-04-19 21:30:00',330,309,'Насадки на глушник','nasadki-glushitelya',0),
	(354,'2024-04-19 21:30:00','2024-04-19 21:30:00',330,309,'Підігрів сидінь та автомасажери','podogrev-sideniy-i-avtomassazhery',0),
	(355,'2024-04-19 21:30:00','2024-04-19 21:30:00',330,309,'Підставки та тримачі','derzhateli-i-podstavki',0),
	(356,'2024-04-19 21:30:00','2024-04-19 21:30:00',330,309,'Повітрозабірники','vozdukhozaborniki',0),
	(357,'2024-04-19 21:30:00','2024-04-19 21:30:00',330,309,'Пороги та накладки','porogi-i-nakladki',0),
	(358,'2024-04-19 21:30:00','2024-04-19 21:30:00',330,309,'Пускові та зарядні пристрої','puskovyye-i-zaryadnyye-ustroystva',0),
	(359,'2024-04-19 21:30:00','2024-04-19 21:30:00',330,309,'Рамки номерного знаку','ramki-nomernogo-znaka',0),
	(360,'2024-04-19 21:30:00','2024-04-19 21:30:00',330,309,'Салонний годинник, прилади, БК','salonnyye-chasy-pribory-bk',0),
	(361,'2024-04-19 21:30:00','2024-04-19 21:30:00',330,309,'Тонування та сонцезахист','tonirovka-i-solntsezashchita',0),
	(362,'2024-04-19 21:30:00','2024-04-19 21:30:00',330,309,'Фаркопи','farkopy',0),
	(363,'2024-04-19 21:30:00','2024-04-19 21:30:00',330,309,'Чохли, тенти, накидки','chekhly-tenty-nakidki',0),
	(364,'2024-04-19 21:30:00','2024-04-19 21:30:00',330,309,'Шумоізоляція','shumoizolyatsiya',0),
	(365,'2024-04-19 21:30:00','2024-04-19 21:30:00',330,309,'Щітки та скребки','shchetki-i-skrebki',0),
	(366,'2024-04-19 21:30:00','2024-04-19 21:30:00',330,309,'Інші автоаксесуари','prochiye-avtoaksessuary',0),
	(367,'2024-04-19 21:30:00','2024-04-19 21:30:00',309,309,'Автозвук та мультимедіа','avtozvuk-i-multimedia',0),
	(368,'2024-04-19 21:30:00','2024-04-19 21:30:00',367,309,'Автомагнітоли','magnitoly',0),
	(369,'2024-04-19 21:30:00','2024-04-19 21:30:00',367,309,'Колонки / сабвуфери','kolonki-sabvufery',0),
	(370,'2024-04-19 21:30:00','2024-04-19 21:30:00',367,309,'Підсилювачі','usiliteli',0),
	(371,'2024-04-19 21:30:00','2024-04-19 21:30:00',367,309,'Антени для авто','antenny-dlya-avto',0),
	(372,'2024-04-19 21:30:00','2024-04-19 21:30:00',367,309,'FM-трансмітери','fm-transmittery',0),
	(373,'2024-04-19 21:30:00','2024-04-19 21:30:00',367,309,'Кабелі, адаптери, запобіжники','kabeli-adaptery-predokhraniteli',0),
	(374,'2024-04-19 21:30:00','2024-04-19 21:30:00',367,309,'DVD, TV, інша мультимедіа','dvd-tv-drugaya-multimedia',0),
	(375,'2024-04-19 21:30:00','2024-04-19 21:30:00',367,309,'Інші компоненти','prochiye-komponenty',0),
	(376,'2024-04-19 21:30:00','2024-04-19 21:30:00',309,309,'Шини, диски і колеса','shiny-diski-i-kolesa',0),
	(377,'2024-04-19 21:30:00','2024-04-19 21:30:00',376,309,'Автошини','avtoshiny',0),
	(378,'2024-04-19 21:30:00','2024-04-19 21:30:00',376,309,'Диски','diski',0),
	(379,'2024-04-19 21:30:00','2024-04-19 21:30:00',376,309,'Колеса в зборі','kolesa-v-sbore',0),
	(380,'2024-04-19 21:30:00','2024-04-19 21:30:00',376,309,'Ковпаки','kolpaki',0),
	(381,'2024-04-19 21:30:00','2024-04-19 21:30:00',376,309,'Мотошини','motoshiny',0),
	(382,'2024-04-19 21:30:00','2024-04-19 21:30:00',376,309,'Мото диски та колеса','moto-diski-i-kolesa',0),
	(383,'2024-04-19 21:30:00','2024-04-19 21:30:00',309,309,'GPS-навігатори / відеореєстратори','gps-navigatory-videoregistratory',0),
	(384,'2024-04-19 21:30:00','2024-04-19 21:30:00',383,309,'GPS-навігатори','gps-navigatory',0),
	(385,'2024-04-19 21:30:00','2024-04-19 21:30:00',383,309,'Навігаційні карти та GPS-аксесуари','navigatsionnyye-karty-i-gps-aksessuary',0),
	(386,'2024-04-19 21:30:00','2024-04-19 21:30:00',383,309,'Відеореєстратори','videoregistratory',0),
	(387,'2024-04-19 21:30:00','2024-04-19 21:30:00',309,309,'Авторозбірки','transport-na-zapchasti-avtorazborki',0),
	(388,'2024-04-19 21:30:00','2024-04-19 21:30:00',387,309,'Acura','acura',0),
	(389,'2024-04-19 21:30:00','2024-04-19 21:30:00',387,309,'Audi','audi',0),
	(390,'2024-04-19 21:30:00','2024-04-19 21:30:00',387,309,'BMW','bmw',0),
	(391,'2024-04-19 21:30:00','2024-04-19 21:30:00',387,309,'Chevrolet','chevrolet',0),
	(392,'2024-04-19 21:30:00','2024-04-19 21:30:00',387,309,'Chrysler','chrysler',0),
	(393,'2024-04-19 21:30:00','2024-04-19 21:30:00',387,309,'Citroen','citroen',0),
	(394,'2024-04-19 21:30:00','2024-04-19 21:30:00',387,309,'Daewoo','daewoo',0),
	(395,'2024-04-19 21:30:00','2024-04-19 21:30:00',387,309,'Dodge','dodge',0),
	(396,'2024-04-19 21:30:00','2024-04-19 21:30:00',387,309,'Fiat','fiat',0),
	(397,'2024-04-19 21:30:00','2024-04-19 21:30:00',387,309,'Ford','ford',0),
	(398,'2024-04-19 21:30:00','2024-04-19 21:30:00',387,309,'Honda','honda',0),
	(399,'2024-04-19 21:30:00','2024-04-19 21:30:00',387,309,'Hyundai','hyundai',0),
	(400,'2024-04-19 21:30:00','2024-04-19 21:30:00',387,309,'Infiniti','infiniti',0),
	(401,'2024-04-19 21:30:00','2024-04-19 21:30:00',387,309,'Jeep','jeep',0),
	(402,'2024-04-19 21:30:00','2024-04-19 21:30:00',387,309,'Kia','kia',0),
	(403,'2024-04-19 21:30:00','2024-04-19 21:30:00',387,309,'Land Rover','land-rover',0),
	(404,'2024-04-19 21:30:00','2024-04-19 21:30:00',387,309,'Lexus','lexus',0),
	(405,'2024-04-19 21:30:00','2024-04-19 21:30:00',387,309,'Lincoln','lincoln',0),
	(406,'2024-04-19 21:30:00','2024-04-19 21:30:00',387,309,'Mazda','mazda',0),
	(407,'2024-04-19 21:30:00','2024-04-19 21:30:00',387,309,'Mercedes-Benz','mercedes-benz',0),
	(408,'2024-04-19 21:30:00','2024-04-19 21:30:00',387,309,'Mitsubishi','mitsubishi',0),
	(409,'2024-04-19 21:30:00','2024-04-19 21:30:00',387,309,'Nissan','nissan',0),
	(410,'2024-04-19 21:30:00','2024-04-19 21:30:00',387,309,'Opel','opel',0),
	(411,'2024-04-19 21:30:00','2024-04-19 21:30:00',387,309,'Peugeot','peugeot',0),
	(412,'2024-04-19 21:30:00','2024-04-19 21:30:00',387,309,'Porsche','porsche',0),
	(413,'2024-04-19 21:30:00','2024-04-19 21:30:00',387,309,'Renault','renault',0),
	(414,'2024-04-19 21:30:00','2024-04-19 21:30:00',387,309,'Rover','rover',0),
	(415,'2024-04-19 21:30:00','2024-04-19 21:30:00',387,309,'Seat','seat',0),
	(416,'2024-04-19 21:30:00','2024-04-19 21:30:00',387,309,'Skoda','skoda',0),
	(417,'2024-04-19 21:30:00','2024-04-19 21:30:00',387,309,'Subaru','subaru',0),
	(418,'2024-04-19 21:30:00','2024-04-19 21:30:00',387,309,'Suzuki','suzuki',0),
	(419,'2024-04-19 21:30:00','2024-04-19 21:30:00',387,309,'Tesla','tesla',0),
	(420,'2024-04-19 21:30:00','2024-04-19 21:30:00',387,309,'Toyota','toyota',0),
	(421,'2024-04-19 21:30:00','2024-04-19 21:30:00',387,309,'Volkswagen','volkswagen',0),
	(422,'2024-04-19 21:30:00','2024-04-19 21:30:00',387,309,'Volvo','volvo',0),
	(428,'2024-04-19 21:30:00','2024-04-19 21:30:00',387,309,'Інший бренд','drugoy-brend',0),
	(429,'2024-04-19 21:30:00','2024-04-19 21:30:00',309,309,'Мотозапчастини','motozapchasti',0),
	(430,'2024-04-19 21:30:00','2024-04-19 21:30:00',429,309,'Акумулятори','akkumulyatory',0),
	(431,'2024-04-19 21:30:00','2024-04-19 21:30:00',429,309,'Амортизатори та підвіска','amortizatory-i-podveska',0),
	(432,'2024-04-19 21:30:00','2024-04-19 21:30:00',429,309,'Варіатори та редуктори','variatory-i-reduktory',0),
	(433,'2024-04-19 21:30:00','2024-04-19 21:30:00',429,309,'Вихлопні системи, прямоструми, глушники','vykhlopnyye-sistemy-pryamotoki-glushiteli',0),
	(434,'2024-04-19 21:30:00','2024-04-19 21:30:00',429,309,'Запчастини двигуна','zapchasti-dvigatelya',0),
	(435,'2024-04-19 21:30:00','2024-04-19 21:30:00',429,309,'Коробка передач','korobka-peredach',0),
	(436,'2024-04-19 21:30:00','2024-04-19 21:30:00',429,309,'Ніжки та педалі','nozhki-i-rychagi-nozhnogo-upravleniya',0),
	(437,'2024-04-19 21:30:00','2024-04-19 21:30:00',429,309,'Освітлення та лампи','osveshcheniye-i-lampy',0),
	(438,'2024-04-19 21:30:00','2024-04-19 21:30:00',429,309,'Підшипники','podshipniki',0),
	(439,'2024-04-19 21:30:00','2024-04-19 21:30:00',429,309,'Привід та ходова','privod-i-khodovaya',0),
	(440,'2024-04-19 21:30:00','2024-04-19 21:30:00',429,309,'Рама, кронштейни та маятники','rama-kronshteyny-i-mayatniki',0),
	(441,'2024-04-19 21:30:00','2024-04-19 21:30:00',429,309,'Кермо та управління','rul-i-upravleniye',0),
	(442,'2024-04-19 21:30:00','2024-04-19 21:30:00',429,309,'Сидіння','sideniya',0),
	(443,'2024-04-19 21:30:00','2024-04-19 21:30:00',429,309,'Система охолодження','sistema-okhlazhdeniya',0),
	(444,'2024-04-19 21:30:00','2024-04-19 21:30:00',429,309,'Зчеплення','stsepleniye',0),
	(445,'2024-04-19 21:30:00','2024-04-19 21:30:00',429,309,'Паливна система','toplivnaya-sistema',0),
	(446,'2024-04-19 21:30:00','2024-04-19 21:30:00',429,309,'Гальмівна система','tormoznaya-sistema',0),
	(447,'2024-04-19 21:30:00','2024-04-19 21:30:00',429,309,'Троси та шланги','trosy-i-shlangi',0),
	(448,'2024-04-19 21:30:00','2024-04-19 21:30:00',429,309,'Фільтри','filtry',0),
	(449,'2024-04-19 21:30:00','2024-04-19 21:30:00',429,309,'Ланцюги та зірочки','tsepi-i-zvezdy',0),
	(450,'2024-04-19 21:30:00','2024-04-19 21:30:00',429,309,'Електрика','elektrika',0),
	(451,'2024-04-19 21:30:00','2024-04-19 21:30:00',429,309,'Інші мотозапчастини','drugiye-motozapchasti',0),
	(452,'2024-04-19 21:30:00','2024-04-19 21:30:00',309,309,'Мотоекіпірування','motoekipirovka',0),
	(453,'2024-04-19 21:30:00','2024-04-19 21:30:00',452,309,'Мотошоломи','motoshlemy',0),
	(454,'2024-04-19 21:30:00','2024-04-19 21:30:00',452,309,'Мотокуртки','motokurtki',0),
	(455,'2024-04-19 21:30:00','2024-04-19 21:30:00',452,309,'Мотоштани','motoshtany',0),
	(456,'2024-04-19 21:30:00','2024-04-19 21:30:00',452,309,'Мотоботи, моточеревики','motoboty-motobotinki',0),
	(457,'2024-04-19 21:30:00','2024-04-19 21:30:00',452,309,'Мотокомбінезони','motokombinezony',0),
	(458,'2024-04-19 21:30:00','2024-04-19 21:30:00',452,309,'Моторукавички','motoperchatki',0),
	(459,'2024-04-19 21:30:00','2024-04-19 21:30:00',452,309,'Мотодощовики, мотобахіли','motodozhdeviki-motobakhily',0),
	(460,'2024-04-19 21:30:00','2024-04-19 21:30:00',452,309,'Мотозахист','motozashchita',0),
	(461,'2024-04-19 21:30:00','2024-04-19 21:30:00',452,309,'Підшоломники','podshlemniki',0),
	(462,'2024-04-19 21:30:00','2024-04-19 21:30:00',452,309,'Інше мотоекіпірування','drugaya-motoekipirovka',0),
	(463,'2024-04-19 21:30:00','2024-04-19 21:30:00',309,309,'Мотоаксесуари','motoaksessuary',0),
	(464,'2024-04-19 21:30:00','2024-04-19 21:30:00',463,309,'Бризковики','bryzgoviki',0),
	(465,'2024-04-19 21:30:00','2024-04-19 21:30:00',463,309,'Тримач для телефона, планшета','derzhatel-telefona-plansheta',0),
	(466,'2024-04-19 21:30:00','2024-04-19 21:30:00',463,309,'Інструменти','instrumenty',0),
	(467,'2024-04-19 21:30:00','2024-04-19 21:30:00',463,309,'Кріплення для номерів на мотоцикл','krepleniye-nomera-na-mototsikl',0),
	(468,'2024-04-19 21:30:00','2024-04-19 21:30:00',463,309,'Дзеркала на мотоцикл','motozerkala',0),
	(469,'2024-04-19 21:30:00','2024-04-19 21:30:00',463,309,'Наклейки на мотоцикл, скутер','nakleyki-na-mototsikl-skuter',0),
	(470,'2024-04-19 21:30:00','2024-04-19 21:30:00',463,309,'Обтічники та вітрове скло','obtekateli-i-vetrovyye-stekla',0),
	(471,'2024-04-19 21:30:00','2024-04-19 21:30:00',463,309,'Відбійники (крашпеди)','otboyniki-krashpedy',0),
	(472,'2024-04-19 21:30:00','2024-04-19 21:30:00',463,309,'Панельні прилади','panelnyye-pribory',0),
	(473,'2024-04-19 21:30:00','2024-04-19 21:30:00',463,309,'Переговорні пристрої','peregovornyye-ustroystva',0),
	(474,'2024-04-19 21:30:00','2024-04-19 21:30:00',463,309,'Підніжки','podnozhki',0),
	(475,'2024-04-19 21:30:00','2024-04-19 21:30:00',463,309,'Протиугінні системи','protivougonnyye-sistemy',0),
	(476,'2024-04-19 21:30:00','2024-04-19 21:30:00',463,309,'Стайлінг','stayling',0),
	(477,'2024-04-19 21:30:00','2024-04-19 21:30:00',463,309,'Стенди та підйомники','stendy-i-podyemniki',0),
	(478,'2024-04-19 21:30:00','2024-04-19 21:30:00',463,309,'Чохли та накидки для мотоцикла','chekhly-i-nakidki-dlya-mototsikla',0),
	(479,'2024-04-19 21:30:00','2024-04-19 21:30:00',463,309,'Мотосумки, кофри, рюкзаки','motosumki-kofry-ryukzaki',0),
	(480,'2024-04-19 21:30:00','2024-04-19 21:30:00',463,309,'Інші мотоаксесуари','procheye',0),
	(481,'2024-04-19 21:30:00','2024-04-19 21:30:00',309,309,'Мастила та автохімія','masla-i-avtokhimiya',0),
	(482,'2024-04-19 21:30:00','2024-04-19 21:30:00',481,309,'Моторні мастила','motornyye-masla',0),
	(483,'2024-04-19 21:30:00','2024-04-19 21:30:00',481,309,'Трансмісійні мастила','transmissionnoye-maslo',0),
	(484,'2024-04-19 21:30:00','2024-04-19 21:30:00',481,309,'Гідравлічні мастила','gidravlicheskoye-maslo',0),
	(485,'2024-04-19 21:30:00','2024-04-19 21:30:00',481,309,'Мастила для мототехніки','masla-dlya-mototekhniki',0),
	(486,'2024-04-19 21:30:00','2024-04-19 21:30:00',481,309,'Автокосметика та автохімія','avtokosmetika-i-avtokhimiya',0),
	(487,'2024-04-19 21:30:00','2024-04-19 21:30:00',481,309,'Інші мастила та рідини','prochiye-masla-i-zhidkosti',0),
	(488,'2024-04-19 21:30:00','2024-04-19 21:30:00',309,309,'Запчастини для іншої техніки','prochie-zapchasti',0),
	(489,'2024-04-19 21:30:00','2024-04-19 21:30:00',488,309,'Для вантажівок','dlya-gruzovikov',0),
	(490,'2024-04-19 21:30:00','2024-04-19 21:30:00',488,309,'Для автобусів','dlya-avtobusov',0),
	(491,'2024-04-19 21:30:00','2024-04-19 21:30:00',488,309,'Для сільгосптехніки','dlya-selkhoztekhniki',0),
	(492,'2024-04-19 21:30:00','2024-04-19 21:30:00',488,309,'Для спецтехніки','dlya-spetstekhniki',0),
	(493,'2024-04-19 21:30:00','2024-04-19 21:30:00',488,309,'Для водного транспорту','dlya-vodnogo-transporta',0),
	(494,'2024-04-19 21:30:00','2024-04-19 21:30:00',488,309,'Для інших видів техніки','dlya-drugikh-vidov-tekhniki',0),
	(495,'2024-04-19 21:30:00','2024-04-19 21:30:00',0,0,'Робота','rabota',0),
	(496,'2024-04-19 21:30:00','2024-04-19 21:30:00',495,495,'Роздрібна торгівля / продажі / закупки','roznichnaya-torgovlya-prodazhi-zakupki',0),
	(497,'2024-04-19 21:30:00','2024-04-19 21:30:00',496,495,'Мерчендайзер','merchendayzer',0),
	(498,'2024-04-19 21:30:00','2024-04-19 21:30:00',496,495,'Менеджер з продажу','menedzher-po-prodazham',0),
	(499,'2024-04-19 21:30:00','2024-04-19 21:30:00',496,495,'Продавець','prodavets',0),
	(500,'2024-04-19 21:30:00','2024-04-19 21:30:00',496,495,'Супервайзер','supervayzer',0),
	(501,'2024-04-19 21:30:00','2024-04-19 21:30:00',496,495,'Флорист','florist',0),
	(502,'2024-04-19 21:30:00','2024-04-19 21:30:00',496,495,'Продавець-консультант','prodavets-konsultant',0),
	(503,'2024-04-19 21:30:00','2024-04-19 21:30:00',496,495,'Торговий представник','torgovyy-predstavitel',0),
	(504,'2024-04-19 21:30:00','2024-04-19 21:30:00',496,495,'Менеджер інтернет магазину','menedzher-internet-magazina',0),
	(505,'2024-04-19 21:30:00','2024-04-19 21:30:00',496,495,'Касир','kassir',0),
	(506,'2024-04-19 21:30:00','2024-04-19 21:30:00',496,495,'Менеджер по роботі з клієнтами','menedzher-po-rabote-s-klientami',0),
	(507,'2024-04-19 21:30:00','2024-04-19 21:30:00',496,495,'Товарознавець','tovaroved',0),
	(508,'2024-04-19 21:30:00','2024-04-19 21:30:00',496,495,'Керівник відділу продажів','rukovoditel-otdela-prodazh',0),
	(509,'2024-04-19 21:30:00','2024-04-19 21:30:00',496,495,'Менеджер по закупці','menedzher-po-zakupkam',0),
	(510,'2024-04-19 21:30:00','2024-04-19 21:30:00',496,495,'Адміністратор','administrator',0),
	(511,'2024-04-19 21:30:00','2024-04-19 21:30:00',496,495,'Пекар','pekar',0),
	(512,'2024-04-19 21:30:00','2024-04-19 21:30:00',496,495,'Інше','drugoe',0),
	(513,'2024-04-19 21:30:00','2024-04-19 21:30:00',495,495,'Логістика / Склад / Доставка','transport-logistika',0),
	(514,'2024-04-19 21:30:00','2024-04-19 21:30:00',513,495,'Водій','voditel',0),
	(515,'2024-04-19 21:30:00','2024-04-19 21:30:00',513,495,'Вантажник','gruzchik',0),
	(516,'2024-04-19 21:30:00','2024-04-19 21:30:00',513,495,'Кур\'єр','kurer',0),
	(517,'2024-04-19 21:30:00','2024-04-19 21:30:00',513,495,'Комірник','kladovshchik',0),
	(518,'2024-04-19 21:30:00','2024-04-19 21:30:00',513,495,'Диспетчер','dispetcher',0),
	(519,'2024-04-19 21:30:00','2024-04-19 21:30:00',513,495,'Експедитор','ekspeditor',0),
	(520,'2024-04-19 21:30:00','2024-04-19 21:30:00',513,495,'Далекобійник','dalnoboyshchik',0),
	(521,'2024-04-19 21:30:00','2024-04-19 21:30:00',513,495,'Таксист','taksist',0),
	(522,'2024-04-19 21:30:00','2024-04-19 21:30:00',513,495,'Інше','drugoe',0),
	(523,'2024-04-19 21:30:00','2024-04-19 21:30:00',495,495,'Будівництво / облицювальні роботи','stroitelstvo',0),
	(524,'2024-04-19 21:30:00','2024-04-19 21:30:00',523,495,'Різноробочий','raznorabochiy',0),
	(525,'2024-04-19 21:30:00','2024-04-19 21:30:00',523,495,'Муляр','kamenshchik',0),
	(526,'2024-04-19 21:30:00','2024-04-19 21:30:00',523,495,'Плиточник','plitochnik',0),
	(527,'2024-04-19 21:30:00','2024-04-19 21:30:00',523,495,'Монтажник','montazhnik',0),
	(528,'2024-04-19 21:30:00','2024-04-19 21:30:00',523,495,'Зварювальник','svarshchik',0),
	(529,'2024-04-19 21:30:00','2024-04-19 21:30:00',523,495,'Будівельник','stroitel',0),
	(530,'2024-04-19 21:30:00','2024-04-19 21:30:00',523,495,'Маляр','malyar',0),
	(531,'2024-04-19 21:30:00','2024-04-19 21:30:00',523,495,'Виконроб','prorab',0),
	(532,'2024-04-19 21:30:00','2024-04-19 21:30:00',523,495,'Сантехнік','santekhnik',0),
	(533,'2024-04-19 21:30:00','2024-04-19 21:30:00',523,495,'Фасадник','fasadchik',0),
	(534,'2024-04-19 21:30:00','2024-04-19 21:30:00',523,495,'Штукатур','shtukatur',0),
	(535,'2024-04-19 21:30:00','2024-04-19 21:30:00',523,495,'Електрик','elektrik',0),
	(536,'2024-04-19 21:30:00','2024-04-19 21:30:00',523,495,'Інше','drugoe',0),
	(537,'2024-04-19 21:30:00','2024-04-19 21:30:00',495,495,'Колл-центри / Телекомунікації','telekommunikatsii-svyaz',0),
	(538,'2024-04-19 21:30:00','2024-04-19 21:30:00',537,495,'Оператор колл-центру','operator-koll-tsentra',0),
	(539,'2024-04-19 21:30:00','2024-04-19 21:30:00',537,495,'Оператор чату','operator-chata',0),
	(540,'2024-04-19 21:30:00','2024-04-19 21:30:00',537,495,'Інше','drugoe',0),
	(541,'2024-04-19 21:30:00','2024-04-19 21:30:00',495,495,'Адміністративний персонал / HR / Секретаріат','upravleniye-personalom-hr',0),
	(542,'2024-04-19 21:30:00','2024-04-19 21:30:00',541,495,'Адміністратор','administrator',0),
	(543,'2024-04-19 21:30:00','2024-04-19 21:30:00',541,495,'Секретар','sekretar',0),
	(544,'2024-04-19 21:30:00','2024-04-19 21:30:00',541,495,'Офіс менеджер','ofis-menedzher',0),
	(545,'2024-04-19 21:30:00','2024-04-19 21:30:00',541,495,'HR','hr',0),
	(546,'2024-04-19 21:30:00','2024-04-19 21:30:00',541,495,'Інше','drugoe',0),
	(547,'2024-04-19 21:30:00','2024-04-19 21:30:00',495,495,'Охорона / безпека','ohrana-bezopasnost',0),
	(548,'2024-04-19 21:30:00','2024-04-19 21:30:00',547,495,'Охоронець','ohrannik',0),
	(549,'2024-04-19 21:30:00','2024-04-19 21:30:00',547,495,'Сторож','storozh',0),
	(550,'2024-04-19 21:30:00','2024-04-19 21:30:00',547,495,'Інше','drygoe',0),
	(551,'2024-04-19 21:30:00','2024-04-19 21:30:00',495,495,'Клінінг / Домашній персонал','domashniy-personal',0),
	(552,'2024-04-19 21:30:00','2024-04-19 21:30:00',551,495,'Доглядальниця','sidelka',0),
	(553,'2024-04-19 21:30:00','2024-04-19 21:30:00',551,495,'Прибиральниця','uborshchitsa',0),
	(554,'2024-04-19 21:30:00','2024-04-19 21:30:00',551,495,'Двірник','dvornik',0),
	(555,'2024-04-19 21:30:00','2024-04-19 21:30:00',551,495,'Няня','nyanya',0),
	(556,'2024-04-19 21:30:00','2024-04-19 21:30:00',551,495,'Домробітниця','domrabotnitsa',0),
	(557,'2024-04-19 21:30:00','2024-04-19 21:30:00',551,495,'Інше','drugoe',0),
	(558,'2024-04-19 21:30:00','2024-04-19 21:30:00',495,495,'Краса / фітнес / спорт','krasota-fitnes-sport',0),
	(559,'2024-04-19 21:30:00','2024-04-19 21:30:00',558,495,'Перукар','parikmaher',0),
	(560,'2024-04-19 21:30:00','2024-04-19 21:30:00',558,495,'Майстер манікюру','master-manikyura',0),
	(561,'2024-04-19 21:30:00','2024-04-19 21:30:00',558,495,'Адміністратор','administrator',0),
	(562,'2024-04-19 21:30:00','2024-04-19 21:30:00',558,495,'Масажист','massazhist',0),
	(563,'2024-04-19 21:30:00','2024-04-19 21:30:00',558,495,'Косметолог','kosmetolog',0),
	(564,'2024-04-19 21:30:00','2024-04-19 21:30:00',558,495,'Тренер','trener',0),
	(565,'2024-04-19 21:30:00','2024-04-19 21:30:00',558,495,'Інше','drugoe',0),
	(566,'2024-04-19 21:30:00','2024-04-19 21:30:00',495,495,'Освіта / переклад','obrazovanie',0),
	(567,'2024-04-19 21:30:00','2024-04-19 21:30:00',566,495,'Викладач / Вчитель','prepodavatel-uchitel',0),
	(568,'2024-04-19 21:30:00','2024-04-19 21:30:00',566,495,'Вихователь','vospitatel',0),
	(569,'2024-04-19 21:30:00','2024-04-19 21:30:00',566,495,'Репетитор','repetitor',0),
	(570,'2024-04-19 21:30:00','2024-04-19 21:30:00',566,495,'Інше','drugoe',0),
	(571,'2024-04-19 21:30:00','2024-04-19 21:30:00',495,495,'Культура / мистецтво / розваги','kultura-iskusstvo',0),
	(572,'2024-04-19 21:30:00','2024-04-19 21:30:00',571,495,'Фотограф','fotograf',0),
	(573,'2024-04-19 21:30:00','2024-04-19 21:30:00',571,495,'Модель','model',0),
	(574,'2024-04-19 21:30:00','2024-04-19 21:30:00',571,495,'Аніматор','animator',0),
	(575,'2024-04-19 21:30:00','2024-04-19 21:30:00',571,495,'Інше','drugoe',0),
	(576,'2024-04-19 21:30:00','2024-04-19 21:30:00',495,495,'Медицина / фармацевтика','meditsina-farmatsiya',0),
	(577,'2024-04-19 21:30:00','2024-04-19 21:30:00',576,495,'Медсестра','medsestra',0),
	(578,'2024-04-19 21:30:00','2024-04-19 21:30:00',576,495,'Стоматолог','stomatolog',0),
	(579,'2024-04-19 21:30:00','2024-04-19 21:30:00',576,495,'Фармацевт','farmatsevt',0),
	(580,'2024-04-19 21:30:00','2024-04-19 21:30:00',576,495,'Інше','drugoe',0),
	(581,'2024-04-19 21:30:00','2024-04-19 21:30:00',495,495,'IT / комп\'ютери','it-telekom-kompyutery',0),
	(582,'2024-04-19 21:30:00','2024-04-19 21:30:00',581,495,'Оператор ПК','operator-pk',0),
	(583,'2024-04-19 21:30:00','2024-04-19 21:30:00',581,495,'Майстер з ремонту','master-po-remontu',0),
	(584,'2024-04-19 21:30:00','2024-04-19 21:30:00',581,495,'Системний адміністратор','sistemnyy-administrator',0),
	(585,'2024-04-19 21:30:00','2024-04-19 21:30:00',581,495,'Інше','drugoe',0),
	(586,'2024-04-19 21:30:00','2024-04-19 21:30:00',495,495,'Банки / фінанси / страхування / юриспруденція','banki-finansy-strakhovaniye',0),
	(587,'2024-04-19 21:30:00','2024-04-19 21:30:00',586,495,'Юрист','yurist',0),
	(588,'2024-04-19 21:30:00','2024-04-19 21:30:00',586,495,'Інше','drugoe',0),
	(589,'2024-04-19 21:30:00','2024-04-19 21:30:00',495,495,'Нерухомість','nedvizhimost',0),
	(590,'2024-04-19 21:30:00','2024-04-19 21:30:00',589,495,'Ріелтор','rieltor',0),
	(591,'2024-04-19 21:30:00','2024-04-19 21:30:00',589,495,'Менеджер з продажу','menedzher-po-prodazham',0),
	(592,'2024-04-19 21:30:00','2024-04-19 21:30:00',589,495,'Брокер','broker',0),
	(593,'2024-04-19 21:30:00','2024-04-19 21:30:00',589,495,'Інше','drugoe',0),
	(594,'2024-04-19 21:30:00','2024-04-19 21:30:00',495,495,'Реклама / дизайн / PR','marketing-reklama-dizayn',0),
	(595,'2024-04-19 21:30:00','2024-04-19 21:30:00',594,495,'Промоутер','promouter',0),
	(596,'2024-04-19 21:30:00','2024-04-19 21:30:00',594,495,'Дизайнер','dizayner',0),
	(597,'2024-04-19 21:30:00','2024-04-19 21:30:00',594,495,'Маркетолог','marketolog',0),
	(598,'2024-04-19 21:30:00','2024-04-19 21:30:00',594,495,'SMM-менеджер','smm-menedzher',0),
	(599,'2024-04-19 21:30:00','2024-04-19 21:30:00',594,495,'Контент-менеджер','kontent-menedzher',0),
	(600,'2024-04-19 21:30:00','2024-04-19 21:30:00',594,495,'Копірайтер','kopirayter',0),
	(601,'2024-04-19 21:30:00','2024-04-19 21:30:00',594,495,'Інше','drugoe',0),
	(602,'2024-04-19 21:30:00','2024-04-19 21:30:00',495,495,'Виробництво / робітничі спеціальності','proizvodstvo-energetika',0),
	(603,'2024-04-19 21:30:00','2024-04-19 21:30:00',602,495,'Електрик','elektrik',0),
	(604,'2024-04-19 21:30:00','2024-04-19 21:30:00',602,495,'Столяр','stolyar',0),
	(605,'2024-04-19 21:30:00','2024-04-19 21:30:00',602,495,'Швачка, кравець','shveya-portnoy',0),
	(606,'2024-04-19 21:30:00','2024-04-19 21:30:00',602,495,'Токар','tokar',0),
	(607,'2024-04-19 21:30:00','2024-04-19 21:30:00',602,495,'Машиніст екскаватора','mashinist-ekskavatora',0),
	(608,'2024-04-19 21:30:00','2024-04-19 21:30:00',602,495,'Конструктор','konstruktor',0),
	(609,'2024-04-19 21:30:00','2024-04-19 21:30:00',602,495,'Комплектувальник','komplektovshchik',0),
	(610,'2024-04-19 21:30:00','2024-04-19 21:30:00',602,495,'Складальник меблів','sborshchik-mebeli',0),
	(611,'2024-04-19 21:30:00','2024-04-19 21:30:00',602,495,'Різноробочий','raznorabochiy',0),
	(612,'2024-04-19 21:30:00','2024-04-19 21:30:00',602,495,'Зварювальник','svarshchik',0),
	(613,'2024-04-19 21:30:00','2024-04-19 21:30:00',602,495,'Складальник','sborshchik',0),
	(614,'2024-04-19 21:30:00','2024-04-19 21:30:00',602,495,'Слюсар','slesar',0),
	(615,'2024-04-19 21:30:00','2024-04-19 21:30:00',602,495,'Маляр','malyar',0),
	(616,'2024-04-19 21:30:00','2024-04-19 21:30:00',602,495,'Пакувальник','upakovshchik',0),
	(617,'2024-04-19 21:30:00','2024-04-19 21:30:00',602,495,'Монтажник','montazhnik',0),
	(618,'2024-04-19 21:30:00','2024-04-19 21:30:00',602,495,'Механік','mekhanik',0),
	(619,'2024-04-19 21:30:00','2024-04-19 21:30:00',602,495,'Підсобник','podsobnik',0),
	(620,'2024-04-19 21:30:00','2024-04-19 21:30:00',602,495,'Оператор ЧПУ','operator-chpu',0),
	(621,'2024-04-19 21:30:00','2024-04-19 21:30:00',602,495,'Технолог','tehnolog',0),
	(622,'2024-04-19 21:30:00','2024-04-19 21:30:00',602,495,'Інше','drugoe',0),
	(623,'2024-04-19 21:30:00','2024-04-19 21:30:00',495,495,'Сільське і лісове господарство / агробізнес','selskoye-khozyaystvo-agrobiznes-lesnoye-khozyaystvo',0),
	(624,'2024-04-19 21:30:00','2024-04-19 21:30:00',623,495,'Агроном','agronom',0),
	(625,'2024-04-19 21:30:00','2024-04-19 21:30:00',623,495,'Тракторист','traktorist',0),
	(626,'2024-04-19 21:30:00','2024-04-19 21:30:00',623,495,'Пилорамщик','piloramshchik',0),
	(627,'2024-04-19 21:30:00','2024-04-19 21:30:00',623,495,'Інше','drugoe',0),
	(628,'2024-04-19 21:30:00','2024-04-19 21:30:00',495,495,'Часткова зайнятість','chastichnaya-zanyatost',0),
	(629,'2024-04-19 21:30:00','2024-04-19 21:30:00',495,495,'Початок кар\'єри / Студенти','nachalo-karery-studenty',0),
	(630,'2024-04-19 21:30:00','2024-04-19 21:30:00',495,495,'Робота за кордоном','rabota-za-rubezhom',0),
	(631,'2024-04-19 21:30:00','2024-04-19 21:30:00',630,495,'Різноробочий','raznorabochiy',0),
	(632,'2024-04-19 21:30:00','2024-04-19 21:30:00',630,495,'Кухар','povar',0),
	(633,'2024-04-19 21:30:00','2024-04-19 21:30:00',630,495,'Водій','voditel',0),
	(634,'2024-04-19 21:30:00','2024-04-19 21:30:00',630,495,'Няня','nyanya',0),
	(635,'2024-04-19 21:30:00','2024-04-19 21:30:00',630,495,'Доглядальниця','sidelka',0),
	(636,'2024-04-19 21:30:00','2024-04-19 21:30:00',630,495,'Зварювальник','svarschik',0),
	(637,'2024-04-19 21:30:00','2024-04-19 21:30:00',630,495,'Будівельник','stroitel',0),
	(638,'2024-04-19 21:30:00','2024-04-19 21:30:00',630,495,'Пакувальник','upakovschik',0),
	(639,'2024-04-19 21:30:00','2024-04-19 21:30:00',630,495,'Інше','drugoe',0),
	(640,'2024-04-19 21:30:00','2024-04-19 21:30:00',495,495,'Бухгалтерія','buhgalteriya',0),
	(641,'2024-04-19 21:30:00','2024-04-19 21:30:00',640,495,'Бухгалтер','buhgalter',0),
	(642,'2024-04-19 21:30:00','2024-04-19 21:30:00',640,495,'Аудитор','auditor',0),
	(643,'2024-04-19 21:30:00','2024-04-19 21:30:00',640,495,'Інше','drugoe',0),
	(644,'2024-04-19 21:30:00','2024-04-19 21:30:00',495,495,'Готельно-ресторанний бізнес / Туризм','otelno-restorannyy-biznes-turizm',0),
	(645,'2024-04-19 21:30:00','2024-04-19 21:30:00',644,495,'Адміністратор','administrator',0),
	(646,'2024-04-19 21:30:00','2024-04-19 21:30:00',644,495,'Покоївка','gornichnaya',0),
	(647,'2024-04-19 21:30:00','2024-04-19 21:30:00',644,495,'Менеджер','menedzher',0),
	(648,'2024-04-19 21:30:00','2024-04-19 21:30:00',644,495,'Бариста','barista',0),
	(649,'2024-04-19 21:30:00','2024-04-19 21:30:00',644,495,'Кухар','povar',0),
	(650,'2024-04-19 21:30:00','2024-04-19 21:30:00',644,495,'Бармен','barmen',0),
	(651,'2024-04-19 21:30:00','2024-04-19 21:30:00',644,495,'Офіціант','ofitsiant',0),
	(652,'2024-04-19 21:30:00','2024-04-19 21:30:00',644,495,'Кондитер','konditer',0),
	(653,'2024-04-19 21:30:00','2024-04-19 21:30:00',644,495,'Пекар','pekar',0),
	(654,'2024-04-19 21:30:00','2024-04-19 21:30:00',644,495,'Помічник кухаря','pomoshchnik-povara',0),
	(655,'2024-04-19 21:30:00','2024-04-19 21:30:00',644,495,'Сушист','sushist',0),
	(656,'2024-04-19 21:30:00','2024-04-19 21:30:00',644,495,'Посудомийниця','posudomoyshchitsa',0),
	(657,'2024-04-19 21:30:00','2024-04-19 21:30:00',644,495,'Піцайоло','pitstsayolo',0),
	(658,'2024-04-19 21:30:00','2024-04-19 21:30:00',644,495,'Інше','drugoe',0),
	(659,'2024-04-19 21:30:00','2024-04-19 21:30:00',495,495,'Інші сфери занять','drugie-sfery-zanyatiy',0),
	(660,'2024-04-19 21:30:00','2024-04-19 21:30:00',495,495,'СТО / автомийки','sto-avtomoyki',0),
	(661,'2024-04-19 21:30:00','2024-04-19 21:30:00',660,495,'Автослюсар','avtoslesar',0),
	(662,'2024-04-19 21:30:00','2024-04-19 21:30:00',660,495,'Мийник','moyshchik',0),
	(663,'2024-04-19 21:30:00','2024-04-19 21:30:00',660,495,'Механік','mehanik',0),
	(664,'2024-04-19 21:30:00','2024-04-19 21:30:00',660,495,'Автомаляр','avtomalyar',0),
	(665,'2024-04-19 21:30:00','2024-04-19 21:30:00',660,495,'Автоелектрик','avtoelektrik',0),
	(666,'2024-04-19 21:30:00','2024-04-19 21:30:00',660,495,'Рихтувальник','rihtovshchik',0),
	(667,'2024-04-19 21:30:00','2024-04-19 21:30:00',660,495,'Шиномонтажник','shinomontazhnik',0),
	(668,'2024-04-19 21:30:00','2024-04-19 21:30:00',660,495,'Інше','drugoe',0),
	(669,'2024-04-19 21:30:00','2024-04-19 21:30:00',495,495,'Служба в Силах оборони','zsu',0),
	(670,'2024-04-19 21:30:00','2024-04-19 21:30:00',0,0,'Тварини','zhivotnye',0),
	(671,'2024-04-19 21:30:00','2024-04-19 21:30:00',670,670,'Безкоштовно (тварини і в\'язка)','besplatno-zhivotnye-i-vyazka',0),
	(672,'2024-04-19 21:30:00','2024-04-19 21:30:00',670,670,'Собаки','sobaki',0),
	(673,'2024-04-19 21:30:00','2024-04-19 21:30:00',670,670,'Коти','koshki',0),
	(674,'2024-04-19 21:30:00','2024-04-19 21:30:00',670,670,'Акваріумістика','akvariumnye-rybki',0),
	(675,'2024-04-19 21:30:00','2024-04-19 21:30:00',670,670,'Пташки','ptitsy',0),
	(676,'2024-04-19 21:30:00','2024-04-19 21:30:00',670,670,'Гризуни','gryzuny',0),
	(677,'2024-04-19 21:30:00','2024-04-19 21:30:00',670,670,'Рептилії','reptilii',0),
	(678,'2024-04-19 21:30:00','2024-04-19 21:30:00',670,670,'Сільгосп тварини','selskohozyaystvennye-zhivotnye',0),
	(679,'2024-04-19 21:30:00','2024-04-19 21:30:00',670,670,'Інші тварини','drugie-zhivotnye',0),
	(680,'2024-04-19 21:30:00','2024-04-19 21:30:00',670,670,'Зоотовари','tovary-dlya-zhivotnyh',0),
	(681,'2024-04-19 21:30:00','2024-04-19 21:30:00',670,670,'В\'язка','vyazka',0),
	(682,'2024-04-19 21:30:00','2024-04-19 21:30:00',670,670,'Бюро знахідок','byuro-nahodok',0),
	(683,'2024-04-19 21:30:00','2024-04-19 21:30:00',0,0,'Дім і сад','dom-i-sad',0),
	(684,'2024-04-19 21:30:00','2024-04-19 21:30:00',683,683,'Канцтовари / витратні матеріали','kantstovary-rashodnye-materialy',0),
	(685,'2024-04-19 21:30:00','2024-04-19 21:30:00',683,683,'Меблі','mebel',0),
	(686,'2024-04-19 21:30:00','2024-04-19 21:30:00',685,683,'Меблі для вітальні','mebel-dlya-gostinoy',0),
	(687,'2024-04-19 21:30:00','2024-04-19 21:30:00',685,683,'Меблі для спальні','mebel-dlya-spalni',0),
	(688,'2024-04-19 21:30:00','2024-04-19 21:30:00',685,683,'Меблі для передпокою','mebel-dlya-prihozhey',0),
	(689,'2024-04-19 21:30:00','2024-04-19 21:30:00',685,683,'Кухонні меблі','kuhonnaya-mebel',0),
	(690,'2024-04-19 21:30:00','2024-04-19 21:30:00',685,683,'Меблі для ванної кімнати','mebel-dlya-vannoy-komnaty',0),
	(691,'2024-04-19 21:30:00','2024-04-19 21:30:00',685,683,'Офісні меблі','ofisnaya-mebel',0),
	(692,'2024-04-19 21:30:00','2024-04-19 21:30:00',685,683,'Меблі на замовлення','mebel-na-zakaz',0),
	(693,'2024-04-19 21:30:00','2024-04-19 21:30:00',683,683,'Продукти харчування / напої','produkty-pitaniya-napitki',0),
	(694,'2024-04-19 21:30:00','2024-04-19 21:30:00',683,683,'Сад / город','sad-ogorod',0),
	(695,'2024-04-19 21:30:00','2024-04-19 21:30:00',683,683,'Предмети інтер\'єру','predmety-interera',0),
	(696,'2024-04-19 21:30:00','2024-04-19 21:30:00',695,683,'Освітлення','svetilniki',0),
	(697,'2024-04-19 21:30:00','2024-04-19 21:30:00',695,683,'Текстиль','tekstil',0),
	(698,'2024-04-19 21:30:00','2024-04-19 21:30:00',695,683,'Декор вікон','dekor-okon',0),
	(699,'2024-04-19 21:30:00','2024-04-19 21:30:00',683,683,'Будівництво / ремонт','stroitelstvo-remont',0),
	(700,'2024-04-19 21:30:00','2024-04-19 21:30:00',699,683,'Вентиляція','ventilyatsiya',0),
	(701,'2024-04-19 21:30:00','2024-04-19 21:30:00',699,683,'Сантехніка','santehnika',0),
	(702,'2024-04-19 21:30:00','2024-04-19 21:30:00',699,683,'Опалення','otoplenie',0),
	(703,'2024-04-19 21:30:00','2024-04-19 21:30:00',699,683,'Електрика','elektrika',0),
	(704,'2024-04-19 21:30:00','2024-04-19 21:30:00',699,683,'Пиломатеріали','pilomaterialy',0),
	(705,'2024-04-19 21:30:00','2024-04-19 21:30:00',699,683,'Оздоблювальні та облицювальні матеріали','otdelochnye-i-oblitsovochnye-materialy',0),
	(706,'2024-04-19 21:30:00','2024-04-19 21:30:00',699,683,'Вікна / двері / скло / дзеркала','okna-steklo-zerkala',0),
	(707,'2024-04-19 21:30:00','2024-04-19 21:30:00',699,683,'Лакофарбові матеріали','lakokrasochnye-materialy',0),
	(708,'2024-04-19 21:30:00','2024-04-19 21:30:00',699,683,'Металопрокат / арматура','metalloprokat-armatura',0),
	(709,'2024-04-19 21:30:00','2024-04-19 21:30:00',699,683,'Елементи кріплення','elementy-krepezha',0),
	(710,'2024-04-19 21:30:00','2024-04-19 21:30:00',699,683,'Цегла / бетон / піноблоки','kirpich-beton-penobloki',0),
	(711,'2024-04-19 21:30:00','2024-04-19 21:30:00',699,683,'Інші будматеріали','prochie-stroymaterialy',0),
	(712,'2024-04-19 21:30:00','2024-04-19 21:30:00',683,683,'Інструменти','instrumenty',0),
	(713,'2024-04-19 21:30:00','2024-04-19 21:30:00',712,683,'Бензоінструмент','benzoinstrument',0),
	(714,'2024-04-19 21:30:00','2024-04-19 21:30:00',712,683,'Генератори','generatory',0),
	(715,'2024-04-19 21:30:00','2024-04-19 21:30:00',712,683,'Ручний інструмент','ruchnoy-instrument',0),
	(716,'2024-04-19 21:30:00','2024-04-19 21:30:00',712,683,'Електроінструмент','elektroinstrument',0),
	(717,'2024-04-19 21:30:00','2024-04-19 21:30:00',712,683,'Пневмоінструмент','pnevmoinstrument',0),
	(718,'2024-04-19 21:30:00','2024-04-19 21:30:00',712,683,'Інший інструмент','prochiy-instrument',0),
	(719,'2024-04-19 21:30:00','2024-04-19 21:30:00',683,683,'Кімнатні рослини','komnatnye-rasteniya',0),
	(720,'2024-04-19 21:30:00','2024-04-19 21:30:00',683,683,'Посуд / кухонне приладдя','posuda-kuhonnaya-utvar',0),
	(721,'2024-04-19 21:30:00','2024-04-19 21:30:00',683,683,'Садовий інвентар','sadovyy-inventar',0),
	(722,'2024-04-19 21:30:00','2024-04-19 21:30:00',683,683,'Господарський інвентар / побутова хімія','hozyaystvennyy-inventar',0),
	(723,'2024-04-19 21:30:00','2024-04-19 21:30:00',683,683,'Інші товари для дому','prochie-tovary-dlya-doma',0),
	(724,'2024-04-19 21:30:00','2024-04-19 21:30:00',0,0,'Електроніка','elektronika',0),
	(725,'2024-04-19 21:30:00','2024-04-19 21:30:00',724,724,'Телефони та аксесуари','telefony-i-aksesuary',0),
	(726,'2024-04-19 21:30:00','2024-04-19 21:30:00',725,724,'Запчастини для телефонів','zapchasti-dlya-telefonov',0),
	(727,'2024-04-19 21:30:00','2024-04-19 21:30:00',725,724,'Аксесуари для телефонів','aksessuary-dlya-telefonov',0),
	(728,'2024-04-19 21:30:00','2024-04-19 21:30:00',725,724,'Мобільні телефони / смартфони','mobilnye-telefony-smartfony',0),
	(729,'2024-04-19 21:30:00','2024-04-19 21:30:00',725,724,'Сім-карти / тарифи / номери','sim-karty-tarify-nomera',0),
	(730,'2024-04-19 21:30:00','2024-04-19 21:30:00',725,724,'Стаціонарні телефони','statsionarnye-telefony',0),
	(731,'2024-04-19 21:30:00','2024-04-19 21:30:00',725,724,'Рації та інші телефони','ratsiyi-i-prochie-telefony',0),
	(732,'2024-04-19 21:30:00','2024-04-19 21:30:00',724,724,'Комп\'ютери та комплектуючі','kompyutery-i-komplektuyuschie',0),
	(733,'2024-04-19 21:30:00','2024-04-19 21:30:00',732,724,'Настільні комп\'ютери','nastolnye-kompyutery',0),
	(734,'2024-04-19 21:30:00','2024-04-19 21:30:00',732,724,'Сервери','servery',0),
	(735,'2024-04-19 21:30:00','2024-04-19 21:30:00',732,724,'Комплектуючі та аксесуари','komplektuyuschie-i-aksesuary',0),
	(736,'2024-04-19 21:30:00','2024-04-19 21:30:00',732,724,'Периферійні пристрої','periferiynye-ustroystva',0),
	(737,'2024-04-19 21:30:00','2024-04-19 21:30:00',732,724,'Монітори','monitory',0),
	(738,'2024-04-19 21:30:00','2024-04-19 21:30:00',732,724,'Зовнішні накопичувачі','vneshnie-nakopiteli',0),
	(739,'2024-04-19 21:30:00','2024-04-19 21:30:00',732,724,'Витратні матеріали','rashodnye-materialy',0),
	(740,'2024-04-19 21:30:00','2024-04-19 21:30:00',732,724,'Інше','drugoe',0),
	(741,'2024-04-19 21:30:00','2024-04-19 21:30:00',724,724,'Фото / відео','foto-video',0),
	(742,'2024-04-19 21:30:00','2024-04-19 21:30:00',741,724,'Цифрові фотоапарати','tsifrovye-fotoapparaty',0),
	(743,'2024-04-19 21:30:00','2024-04-19 21:30:00',741,724,'Відеокамери','videokamery',0),
	(744,'2024-04-19 21:30:00','2024-04-19 21:30:00',741,724,'Екшн-камери','ekshn-kamery',0),
	(745,'2024-04-19 21:30:00','2024-04-19 21:30:00',741,724,'Об\'єктиви','obektivy',0),
	(746,'2024-04-19 21:30:00','2024-04-19 21:30:00',741,724,'Штативи / моноподи','shtativy-monopody',0),
	(747,'2024-04-19 21:30:00','2024-04-19 21:30:00',741,724,'Фотоспалахи','fotovspyshki',0),
	(748,'2024-04-19 21:30:00','2024-04-19 21:30:00',741,724,'Аксесуари для фото / відеокамер','aksessuary-dlya-foto-videokamer',0),
	(749,'2024-04-19 21:30:00','2024-04-19 21:30:00',741,724,'Телескопи / біноклі','teleskopy-binokli',0),
	(750,'2024-04-19 21:30:00','2024-04-19 21:30:00',741,724,'Плівкові фотоапарати','plenochnye-fotoapparaty',0),
	(751,'2024-04-19 21:30:00','2024-04-19 21:30:00',724,724,'Тв / відеотехніка','tv-videotehnika',0),
	(752,'2024-04-19 21:30:00','2024-04-19 21:30:00',751,724,'Медіа програвачі','dvd-pleery',0),
	(753,'2024-04-19 21:30:00','2024-04-19 21:30:00',751,724,'Телевізори','televizory',0),
	(754,'2024-04-19 21:30:00','2024-04-19 21:30:00',751,724,'Проектори','proektory',0),
	(755,'2024-04-19 21:30:00','2024-04-19 21:30:00',751,724,'Аксесуари для ТВ/Відеотехніки','aksessuary-dlya-tv-videotehniki',0),
	(756,'2024-04-19 21:30:00','2024-04-19 21:30:00',751,724,'Супутникове ТВ','sputnikovoe-tv',0),
	(757,'2024-04-19 21:30:00','2024-04-19 21:30:00',751,724,'Інша ТВ / відеотехніка','prochaya-tv-videotehnika',0),
	(758,'2024-04-19 21:30:00','2024-04-19 21:30:00',724,724,'Аудіотехніка','audiotehnika',0),
	(759,'2024-04-19 21:30:00','2024-04-19 21:30:00',758,724,'Mp3 плеєри','mp3-pleery',0),
	(760,'2024-04-19 21:30:00','2024-04-19 21:30:00',758,724,'Магнітоли','magnitoly',0),
	(761,'2024-04-19 21:30:00','2024-04-19 21:30:00',758,724,'Музичні центри','muzykalnye-tsentry',0),
	(762,'2024-04-19 21:30:00','2024-04-19 21:30:00',758,724,'Акустичні системи','akusticheskie-sistemy',0),
	(763,'2024-04-19 21:30:00','2024-04-19 21:30:00',758,724,'Навушники','naushniki',0),
	(764,'2024-04-19 21:30:00','2024-04-19 21:30:00',758,724,'Радіоприймачі','radiopriemniki',0),
	(765,'2024-04-19 21:30:00','2024-04-19 21:30:00',758,724,'Портативна акустика','portativnaya-akustika',0),
	(766,'2024-04-19 21:30:00','2024-04-19 21:30:00',758,724,'Підсилювачі / ресивери','usiliteli-resivery',0),
	(767,'2024-04-19 21:30:00','2024-04-19 21:30:00',758,724,'Cd / md / вінілові програвачі','cd-md-vinilovye-proigryvateli',0),
	(768,'2024-04-19 21:30:00','2024-04-19 21:30:00',758,724,'Інша аудіотехніка','prochaya-audiotehnika',0),
	(769,'2024-04-19 21:30:00','2024-04-19 21:30:00',724,724,'Ігри та ігрові приставки','igry-i-igrovye-pristavki',0),
	(770,'2024-04-19 21:30:00','2024-04-19 21:30:00',769,724,'Ігри для приставок','igry-dlya-pristavok',0),
	(771,'2024-04-19 21:30:00','2024-04-19 21:30:00',769,724,'Приставки','pristavki',0),
	(772,'2024-04-19 21:30:00','2024-04-19 21:30:00',769,724,'Ігри для PC','igry-dlya-pc',0),
	(773,'2024-04-19 21:30:00','2024-04-19 21:30:00',769,724,'Аксесуари','aksessuary',0),
	(774,'2024-04-19 21:30:00','2024-04-19 21:30:00',769,724,'Герої ігор','geroi-igr',0),
	(775,'2024-04-19 21:30:00','2024-04-19 21:30:00',724,724,'Планшети / ел. книги та аксесуари','planshety-el-knigi-i-aksessuary',0),
	(776,'2024-04-19 21:30:00','2024-04-19 21:30:00',775,724,'Планшетні комп\'ютери','planshetnye-kompyutery',0),
	(777,'2024-04-19 21:30:00','2024-04-19 21:30:00',775,724,'Електронні книги','elektronnye-knigi',0),
	(778,'2024-04-19 21:30:00','2024-04-19 21:30:00',775,724,'Графічні планшети','graficheskiye-planshety',0),
	(779,'2024-04-19 21:30:00','2024-04-19 21:30:00',775,724,'Запчастини для планшетів / ел. книг','zapchasti-dlya-planshetov-el-knig',0),
	(780,'2024-04-19 21:30:00','2024-04-19 21:30:00',775,724,'Аксесуари для планшетів / ел. книг','aksessuary-dlya-planshetov-el-knig',0),
	(781,'2024-04-19 21:30:00','2024-04-19 21:30:00',724,724,'Ноутбуки та аксесуари','noutbuki-i-aksesuary',0),
	(782,'2024-04-19 21:30:00','2024-04-19 21:30:00',781,724,'Ноутбуки','noutbuki',0),
	(783,'2024-04-19 21:30:00','2024-04-19 21:30:00',781,724,'Запчастини для ноутбуків','zapchasti-dlya-noutbukov',0),
	(784,'2024-04-19 21:30:00','2024-04-19 21:30:00',781,724,'Аксесуари для ноутбуків','aksessuary-dlya-noutbukov',0),
	(785,'2024-04-19 21:30:00','2024-04-19 21:30:00',724,724,'Техніка для дому','tehnika-dlya-doma',0),
	(786,'2024-04-19 21:30:00','2024-04-19 21:30:00',785,724,'Пилососи','pylesosy',0),
	(787,'2024-04-19 21:30:00','2024-04-19 21:30:00',785,724,'Праски','utyugi',0),
	(788,'2024-04-19 21:30:00','2024-04-19 21:30:00',785,724,'Пральні машини','stiralnye-mashiny',0),
	(789,'2024-04-19 21:30:00','2024-04-19 21:30:00',785,724,'Швейні машини та оверлоки','shveynye-mashiny-i-overloki',0),
	(790,'2024-04-19 21:30:00','2024-04-19 21:30:00',785,724,'В\'язальні машини','vyazalnye-mashiny',0),
	(791,'2024-04-19 21:30:00','2024-04-19 21:30:00',785,724,'Фільтри для води','filtry-dlya-vody',0),
	(792,'2024-04-19 21:30:00','2024-04-19 21:30:00',785,724,'Зарядні станції','zaryadnyye-stantsii',0),
	(793,'2024-04-19 21:30:00','2024-04-19 21:30:00',785,724,'Перетворювачі напруги','preobrazovateli-napryazheniya',0),
	(794,'2024-04-19 21:30:00','2024-04-19 21:30:00',785,724,'Безперебійники живлення','bespereboyniki-pitaniya',0),
	(795,'2024-04-19 21:30:00','2024-04-19 21:30:00',785,724,'Інша техніка для дому','prochaya-tehnika-dlya-doma',0),
	(796,'2024-04-19 21:30:00','2024-04-19 21:30:00',724,724,'Техніка для кухні','tehnika-dlya-kuhni',0),
	(797,'2024-04-19 21:30:00','2024-04-19 21:30:00',796,724,'Мікрохвильові печі','mikrovolnovye-pechi',0),
	(798,'2024-04-19 21:30:00','2024-04-19 21:30:00',796,724,'Холодильники','holodilniki',0),
	(799,'2024-04-19 21:30:00','2024-04-19 21:30:00',796,724,'Плити / печі','plity-pechi',0),
	(800,'2024-04-19 21:30:00','2024-04-19 21:30:00',796,724,'Електрочайники','elektrochayniki',0),
	(801,'2024-04-19 21:30:00','2024-04-19 21:30:00',796,724,'Кавоварки / кавомолки','kofevarki-kofemolki',0),
	(802,'2024-04-19 21:30:00','2024-04-19 21:30:00',796,724,'Кухонні комбайни та подрібнювачі','kuhonnye-kombayny-i-izmelchiteli',0),
	(803,'2024-04-19 21:30:00','2024-04-19 21:30:00',796,724,'Пароварки, мультиварки','parovarki',0),
	(804,'2024-04-19 21:30:00','2024-04-19 21:30:00',796,724,'Хлібопічки','hlebopechki',0),
	(805,'2024-04-19 21:30:00','2024-04-19 21:30:00',796,724,'Посудомийні машини','posudomoechnye-mashiny',0),
	(806,'2024-04-19 21:30:00','2024-04-19 21:30:00',796,724,'Витяжки','vytyazhki',0),
	(807,'2024-04-19 21:30:00','2024-04-19 21:30:00',796,724,'Інша техніка для кухні','prochaya-tehnika-dlya-kuhni',0),
	(808,'2024-04-19 21:30:00','2024-04-19 21:30:00',724,724,'Кліматичне обладнання','klimaticheskoe-oborudovanie',0),
	(809,'2024-04-19 21:30:00','2024-04-19 21:30:00',724,724,'Індивідуальний догляд','individualnyy-uhod',0),
	(810,'2024-04-19 21:30:00','2024-04-19 21:30:00',809,724,'Бритви, епілятори, машинки для стрижки','britvy-epilyatory-mashinki-dlya-strizhki',0),
	(811,'2024-04-19 21:30:00','2024-04-19 21:30:00',809,724,'Фени, укладка волосся','feny-ukladka-volos',0),
	(812,'2024-04-19 21:30:00','2024-04-19 21:30:00',809,724,'Ваги','vesy',0),
	(813,'2024-04-19 21:30:00','2024-04-19 21:30:00',809,724,'Інша техніка для індивідуального догляду','prochaya-tehnika-dlya-individualnogo-uhoda',0),
	(814,'2024-04-19 21:30:00','2024-04-19 21:30:00',724,724,'Аксесуари й комплектуючі','aksessuary-i-komplektuyuschie',0),
	(815,'2024-04-19 21:30:00','2024-04-19 21:30:00',724,724,'Інша електроніка','prochaja-electronika',0),
	(816,'2024-04-19 21:30:00','2024-04-19 21:30:00',0,0,'Бізнес та послуги','uslugi',0),
	(817,'2024-04-19 21:30:00','2024-04-19 21:30:00',816,816,'Авто / мото послуги','avto-moto-uslugi',0),
	(818,'2024-04-19 21:30:00','2025-05-01 08:44:48',0,0,'Краса / здоров\'я','krasota-zdorove',0),
	(819,'2024-04-19 21:30:00','2024-04-19 21:30:00',818,816,'Перукарські послуги','strizhki-naraschivanie-volos',0),
	(820,'2024-04-19 21:30:00','2024-04-19 21:30:00',818,816,'Манікюр, педикюр, нарощування','manikyur-naraschivanie-nogtey',0),
	(821,'2024-04-19 21:30:00','2024-04-19 21:30:00',818,816,'Вії та брови','makiyazh-kosmetologiya-naraschivanie-resnits',0),
	(822,'2024-04-19 21:30:00','2024-04-19 21:30:00',818,816,'Медичні послуги','meditsina',0),
	(823,'2024-04-19 21:30:00','2024-04-19 21:30:00',818,816,'Масаж','massazh',0),
	(824,'2024-04-19 21:30:00','2024-04-19 21:30:00',818,816,'Послуги психолога','psihologiya',0),
	(825,'2024-04-19 21:30:00','2024-04-19 21:30:00',818,816,'Тату, татуаж, пірсинг','tatu-tatuazh-pirsing',0),
	(826,'2024-04-19 21:30:00','2024-04-19 21:30:00',818,816,'Візаж та макіяж','vizazh-makiyazh',0),
	(827,'2024-04-19 21:30:00','2024-04-19 21:30:00',818,816,'Косметологічні послуги','kosmetologicheskie-uslugi',0),
	(828,'2024-04-19 21:30:00','2024-04-19 21:30:00',818,816,'Видалення волосся','udalenie-volos',0),
	(829,'2024-04-19 21:30:00','2024-04-19 21:30:00',818,816,'Моделі для б\'юті-послуг','modeli-dlya-byuti-uslug',0),
	(830,'2024-04-19 21:30:00','2024-04-19 21:30:00',818,816,'Лазні, сауни та СПА','bani-sauny-spa',0),
	(831,'2024-04-19 21:30:00','2024-04-19 21:30:00',818,816,'Інші б\'юті-послуги','krasota-zdorove-prochee',0),
	(832,'2024-04-19 21:30:00','2024-04-19 21:30:00',816,816,'Догляд за дітьми та літніми людьми','nyani-sidelki',0),
	(833,'2024-04-19 21:30:00','2024-04-19 21:30:00',832,816,'Няня','nyanya',0),
	(834,'2024-04-19 21:30:00','2024-04-19 21:30:00',832,816,'Доглядальниця','sidelka',0),
	(835,'2024-04-19 21:30:00','2024-04-19 21:30:00',816,816,'Побутові послуги','bytovye-uslugi',0),
	(836,'2024-04-19 21:30:00','2024-04-19 21:30:00',835,816,'Хімчистка та прання','himchistka-stirka',0),
	(837,'2024-04-19 21:30:00','2024-04-19 21:30:00',835,816,'Пошиття та ремонт одягу','poshiv-remont-odezhdy',0),
	(838,'2024-04-19 21:30:00','2024-04-19 21:30:00',835,816,'Ремонт взуття та сумок','remont-obuvi-sumok',0),
	(839,'2024-04-19 21:30:00','2024-04-19 21:30:00',835,816,'Дезінфекція та дезінсекція','dezinfektsiya-dezinsektsiya',0),
	(840,'2024-04-19 21:30:00','2024-04-19 21:30:00',835,816,'Аварійне відкриття замків','avariynoe-vskrytie-zamkov',0),
	(841,'2024-04-19 21:30:00','2024-04-19 21:30:00',835,816,'Виготовлення ключів','izgotovlenie-klyuchey',0),
	(842,'2024-04-19 21:30:00','2024-04-19 21:30:00',835,816,'Послуги домробітниці','domrabotnitsy',0),
	(843,'2024-04-19 21:30:00','2024-04-19 21:30:00',835,816,'Послуги асенізатора','uslugi-assenizatora',0),
	(844,'2024-04-19 21:30:00','2024-04-19 21:30:00',835,816,'Вивезення сміття','vyvoz-musora',0),
	(845,'2024-04-19 21:30:00','2024-04-19 21:30:00',835,816,'Послуги садівника, догляд за територією','uslugi-sadovnika',0),
	(846,'2024-04-19 21:30:00','2024-04-19 21:30:00',835,816,'Інші побутові послуги','drugoe',0),
	(847,'2024-04-19 21:30:00','2024-04-19 21:30:00',816,816,'Клінінг','klining',0),
	(848,'2024-04-19 21:30:00','2024-04-19 21:30:00',816,816,'Послуги освіти та спорту','obrazovanie',0),
	(849,'2024-04-19 21:30:00','2024-04-19 21:30:00',848,816,'Автоінструктори','avtoinstruktory',0),
	(850,'2024-04-19 21:30:00','2024-04-19 21:30:00',848,816,'Дитячий розвиток, логопеди','detskoe-razvitie-logopedy',0),
	(851,'2024-04-19 21:30:00','2024-04-19 21:30:00',848,816,'Репетитори','repetitory',0),
	(852,'2024-04-19 21:30:00','2024-04-19 21:30:00',848,816,'Курси та тренінги','kursy-treningi',0),
	(853,'2024-04-19 21:30:00','2024-04-19 21:30:00',848,816,'Викладачі музики та вокалу','prepodavateli-muzyki-vokala',0),
	(854,'2024-04-19 21:30:00','2024-04-19 21:30:00',848,816,'Спорт і танці','sport-tantsy',0),
	(855,'2024-04-19 21:30:00','2024-04-19 21:30:00',848,816,'Інші послуги освіти','drugoe',0),
	(856,'2024-04-19 21:30:00','2024-04-19 21:30:00',816,816,'Перевезення та послуги спецтехніки','perevozki-arenda-transporta',0),
	(857,'2024-04-19 21:30:00','2024-04-19 21:30:00',856,816,'Вантажоперевезення','gruzoperevozki',0),
	(858,'2024-04-19 21:30:00','2024-04-19 21:30:00',856,816,'Пасажирські перевезення','passazhirskie-perevozki',0),
	(859,'2024-04-19 21:30:00','2024-04-19 21:30:00',856,816,'Послуги маніпулятора','uslugi-manipulyatora',0),
	(860,'2024-04-19 21:30:00','2024-04-19 21:30:00',856,816,'Послуги евакуатора, автовозу','evakuatory-avtovozy',0),
	(861,'2024-04-19 21:30:00','2024-04-19 21:30:00',856,816,'Послуги вантажників','gruzchiki',0),
	(862,'2024-04-19 21:30:00','2024-04-19 21:30:00',856,816,'Послуги водіїв','uslugi-voditeley',0),
	(863,'2024-04-19 21:30:00','2024-04-19 21:30:00',856,816,'Інші транспортні послуги','drugiye-transportnye-uslugi',0),
	(864,'2024-04-19 21:30:00','2024-04-19 21:30:00',816,816,'Фото та відеозйомка','razvlechenie-foto-video',0),
	(865,'2024-04-19 21:30:00','2024-04-19 21:30:00',864,816,'Фотозйомка та ретуш фото','fotosemka-retush-foto',0),
	(866,'2024-04-19 21:30:00','2024-04-19 21:30:00',864,816,'Оцифрування та реставрація','otsifrovka-restavratsiya',0),
	(867,'2024-04-19 21:30:00','2024-04-19 21:30:00',864,816,'Відеозйомка та монтаж відео','videosemka-montazh-video',0),
	(868,'2024-04-19 21:30:00','2024-04-19 21:30:00',864,816,'Інші фото та відео послуги','drugoe',0),
	(869,'2024-04-19 21:30:00','2024-04-19 21:30:00',816,816,'Організація свят','organizatsiya-prazdnikov',0),
	(870,'2024-04-19 21:30:00','2024-04-19 21:30:00',869,816,'Аніматори та ростові ляльки','animatory-rostovye-kukly',0),
	(871,'2024-04-19 21:30:00','2024-04-19 21:30:00',869,816,'Кейтеринг, кухарі','keytering-povary',0),
	(872,'2024-04-19 21:30:00','2024-04-19 21:30:00',869,816,'Ведучі, музиканти, тамада','vedushchie-muzykanty-tamada',0),
	(873,'2024-04-19 21:30:00','2024-04-19 21:30:00',869,816,'Оформлення кульками','oformlenie-sharami',0),
	(874,'2024-04-19 21:30:00','2024-04-19 21:30:00',869,816,'Десерти та випічка на замовлення','deserty-vupechka-na-zakaz',0),
	(875,'2024-04-19 21:30:00','2024-04-19 21:30:00',869,816,'Інші послуги для свят','drugoe',0),
	(876,'2024-04-19 21:30:00','2024-04-19 21:30:00',816,816,'Ремонт та обслуговування техніки','remont-i-obsluzhivanie-tehniki',0),
	(877,'2024-04-19 21:30:00','2024-04-19 21:30:00',876,816,'Телефони і смартфони','remont-proshivka-telefonov-i-smartfonov',0),
	(878,'2024-04-19 21:30:00','2024-04-19 21:30:00',876,816,'Комп\'ютерна техніка','remont-i-obsluzhivanie-kompyuterov',0),
	(879,'2024-04-19 21:30:00','2024-04-19 21:30:00',876,816,'Побутова техніка','remont-i-obsluzhivanie-bytovoi-tekhniki',0),
	(880,'2024-04-19 21:30:00','2024-04-19 21:30:00',876,816,'Фото і відеоапаратура','remont-i-obsluzhivanie-foto-i-videoapparatury',0),
	(881,'2024-04-19 21:30:00','2024-04-19 21:30:00',876,816,'Тв і відеотехніка','remont-i-obsluzhivanie-tv-i-videotekhniki',0),
	(882,'2024-04-19 21:30:00','2024-04-19 21:30:00',876,816,'Аудіотехніка','remont-i-obsluzhivanie-audiotekhniki',0),
	(883,'2024-04-19 21:30:00','2024-04-19 21:30:00',876,816,'Кліматична техніка','remont-i-obsluzhivanie-klimatycheskoi-tekhniki',0),
	(884,'2024-04-19 21:30:00','2024-04-19 21:30:00',876,816,'Ігрові приставки','remont-proshivka-igrovyh-pristavok',0),
	(885,'2024-04-19 21:30:00','2024-04-19 21:30:00',876,816,'Оргтехніка, заправка картриджів','orgtehnika-zapravka-kartridzhey',0),
	(886,'2024-04-19 21:30:00','2024-04-19 21:30:00',876,816,'Електротранспорт','elektrotransport',0),
	(887,'2024-04-19 21:30:00','2024-04-19 21:30:00',876,816,'Електро та бензоінструмент','elektro-benzoinstrument',0),
	(888,'2024-04-19 21:30:00','2024-04-19 21:30:00',876,816,'Інша техніка','remont-i-obsluzhivanie-prochei-tekhniki',0),
	(889,'2024-04-19 21:30:00','2024-04-19 21:30:00',816,816,'Будівництво та ремонт','stroitelstvo-otdelka-remont',0),
	(890,'2024-04-19 21:30:00','2024-04-19 21:30:00',889,816,'Будівництво під ключ','stroitelstvo-pod-klyuch',0),
	(891,'2024-04-19 21:30:00','2024-04-19 21:30:00',889,816,'Ремонт під ключ','remont-pod-klyuch',0),
	(892,'2024-04-19 21:30:00','2024-04-19 21:30:00',889,816,'Проєктування та дизайн','dizayn-arhitektura',0),
	(893,'2024-04-19 21:30:00','2024-04-19 21:30:00',889,816,'Будівельні послуги','stroitelnye-uslugi',0),
	(894,'2024-04-19 21:30:00','2024-04-19 21:30:00',889,816,'Сантехніка та комунікації','santehnika-kommunikatsii',0),
	(895,'2024-04-19 21:30:00','2024-04-19 21:30:00',889,816,'Оздоблення, ремонт','otdelka-remont',0),
	(896,'2024-04-19 21:30:00','2024-04-19 21:30:00',889,816,'Електромонтажні послуги','elektrika',0),
	(897,'2024-04-19 21:30:00','2024-04-19 21:30:00',889,816,'Встановлення та ремонт систем безпеки','ustanovka-sistem-bezopasnosti',0),
	(898,'2024-04-19 21:30:00','2024-04-19 21:30:00',889,816,'Вентиляція та кондиціонування','ventilyatsiya-konditsionirovanie',0),
	(899,'2024-04-19 21:30:00','2024-04-19 21:30:00',889,816,'Монтаж вікон, дверей, балконів','okna-dveri-balkony',0),
	(900,'2024-04-19 21:30:00','2024-04-19 21:30:00',889,816,'Зварювальні роботи','svarochnye-raboty',0),
	(901,'2024-04-19 21:30:00','2024-04-19 21:30:00',889,816,'Демонтажні роботи','demontazhnye-raboty',0),
	(902,'2024-04-19 21:30:00','2024-04-19 21:30:00',889,816,'Готові конструкції','gotovye-konstruktsii',0),
	(903,'2024-04-19 21:30:00','2024-04-19 21:30:00',889,816,'Ландшафтні та земляні роботи','landshaftnye-zemlyanye-raboty',0),
	(904,'2024-04-19 21:30:00','2024-04-19 21:30:00',889,816,'Буріння свердловин','burenie-skvazhin',0),
	(905,'2024-04-19 21:30:00','2024-04-19 21:30:00',889,816,'Інші послуги з будівництва','drugoe',0),
	(906,'2024-04-19 21:30:00','2024-04-19 21:30:00',816,816,'Сировина / матеріали','syre-materialy',0),
	(907,'2024-04-19 21:30:00','2024-04-19 21:30:00',906,816,'Паливо','toplivo',0),
	(908,'2024-04-19 21:30:00','2024-04-19 21:30:00',906,816,'Дрова, вугілля, пелети','drova-ugol-pellety',0),
	(909,'2024-04-19 21:30:00','2024-04-19 21:30:00',906,816,'Текстильні матеріали','tekstilnye-materialy',0),
	(910,'2024-04-19 21:30:00','2024-04-19 21:30:00',906,816,'Гума, пластик, полімери','rezina-plastik-polimery',0),
	(911,'2024-04-19 21:30:00','2024-04-19 21:30:00',906,816,'Інша сировина','drugoe',0),
	(912,'2024-04-19 21:30:00','2024-04-19 21:30:00',816,816,'Прийом вторсировини','priem-vtorsyrya',0),
	(913,'2024-04-19 21:30:00','2024-04-19 21:30:00',816,816,'Туризм / іміграція','turizm-immigratsiya',0),
	(914,'2024-04-19 21:30:00','2024-04-19 21:30:00',913,816,'Тури та екскурсії','tury-ekskursii',0),
	(915,'2024-04-19 21:30:00','2024-04-19 21:30:00',913,816,'Оформлення віз','oformlenie-viz',0),
	(916,'2024-04-19 21:30:00','2024-04-19 21:30:00',913,816,'Інші послуги туризму','drugoe',0),
	(917,'2024-04-19 21:30:00','2024-04-19 21:30:00',816,816,'Ділові послуги','delovye-uslugi',0),
	(918,'2024-04-19 21:30:00','2024-04-19 21:30:00',917,816,'Бухгалтерські послуги','buhgalterskie',0),
	(919,'2024-04-19 21:30:00','2024-04-19 21:30:00',917,816,'Створення сайтів','sozdanie-prodvizhenie-saytov',0),
	(920,'2024-04-19 21:30:00','2024-04-19 21:30:00',917,816,'Юридичні послуги','yuridicheskie',0),
	(921,'2024-04-19 21:30:00','2024-04-19 21:30:00',917,816,'Поліграфія, реклама, друк','poligrafiya-reklama-pechat',0),
	(922,'2024-04-19 21:30:00','2024-04-19 21:30:00',917,816,'Фінансові послуги, партнерство','finansovye-uslugi-partnerstvo',0),
	(923,'2024-04-19 21:30:00','2024-04-19 21:30:00',917,816,'Маркетингові послуги','marketingovye-uslugi',0),
	(924,'2024-04-19 21:30:00','2024-04-19 21:30:00',917,816,'Послуги перекладачів, набір тексту','perevodchiki-nabor-teksta',0),
	(925,'2024-04-19 21:30:00','2024-04-19 21:30:00',917,816,'Інші ділові послуги','drugoe',0),
	(926,'2024-04-19 21:30:00','2024-04-19 21:30:00',816,816,'Продаж бізнесу','prodazha-biznesa',0),
	(927,'2024-04-19 21:30:00','2024-04-19 21:30:00',926,816,'Магазини','magaziny',0),
	(928,'2024-04-19 21:30:00','2024-04-19 21:30:00',926,816,'Акаунти в соц мережах','akkaunty-v-sots-setyah',0),
	(929,'2024-04-19 21:30:00','2024-04-19 21:30:00',926,816,'Підприємства, компанії','predpriyatiya-kompanii',0),
	(930,'2024-04-19 21:30:00','2024-04-19 21:30:00',926,816,'Кафе, ресторани, кав\'ярні','kafe-restorany-kofeyni',0),
	(931,'2024-04-19 21:30:00','2024-04-19 21:30:00',926,816,'Франшизи','franshizy',0),
	(932,'2024-04-19 21:30:00','2024-04-19 21:30:00',926,816,'Інтернет-магазини','internet-magaziny',0),
	(933,'2024-04-19 21:30:00','2024-04-19 21:30:00',926,816,'Інші види бізнесу','drugie-vidy-biznesa',0),
	(934,'2024-04-19 21:30:00','2024-04-19 21:30:00',816,816,'Продаж обладнання для бізнесу','oborudovanie',0),
	(935,'2024-04-19 21:30:00','2024-04-19 21:30:00',934,816,'Торгово-виставкове обладнання','torgovo-vystavochnoe-oborudovanie',0),
	(936,'2024-04-19 21:30:00','2024-04-19 21:30:00',934,816,'Холодильне обладнання','holodilnoe-oborudovanie',0),
	(937,'2024-04-19 21:30:00','2024-04-19 21:30:00',934,816,'Розрахунково-касове обладнання','raschetno-kassovoe-oborudovanie',0),
	(938,'2024-04-19 21:30:00','2024-04-19 21:30:00',934,816,'Промислове обладнання','promyshlennoe-oborudovanie',0),
	(939,'2024-04-19 21:30:00','2024-04-19 21:30:00',934,816,'Обладнання для ресторанів і кафе','oborudovanie-dlya-restoranov-kafe',0),
	(940,'2024-04-19 21:30:00','2024-04-19 21:30:00',934,816,'Лабораторне обладнання','laboratornoe-oborudovanie',0),
	(941,'2024-04-19 21:30:00','2024-04-19 21:30:00',934,816,'Медичне обладнання','meditsinskoe-oborudovanie',0),
	(942,'2024-04-19 21:30:00','2024-04-19 21:30:00',934,816,'Обладнання для салонів краси','oborudovanie-dlya-salonov-krasoty',0),
	(943,'2024-04-19 21:30:00','2024-04-19 21:30:00',934,816,'Інше обладнання','drugoe',0),
	(944,'2024-04-19 21:30:00','2024-04-19 21:30:00',816,816,'Послуги для тварин','uslugi-dlya-zhivotnyh',0),
	(945,'2024-04-19 21:30:00','2024-04-19 21:30:00',944,816,'Дресирування, кінологи, вигул','dressirovka-kinologi-vygul',0),
	(946,'2024-04-19 21:30:00','2024-04-19 21:30:00',944,816,'Грумінг, стрижки, салони','gruming-strizhki-salony',0),
	(947,'2024-04-19 21:30:00','2024-04-19 21:30:00',944,816,'Перетримка тварин і готелі','perederzhka-zhivotnyh-gostinitsy',0),
	(948,'2024-04-19 21:30:00','2024-04-19 21:30:00',944,816,'Ветеринарна допомога','veterinarnaya-pomoshch',0),
	(949,'2024-04-19 21:30:00','2024-04-19 21:30:00',944,816,'Інші послуги для тварин','drugoe_2',0),
	(950,'2024-04-19 21:30:00','2024-04-19 21:30:00',816,816,'Ритуальні послуги','ritualnye-uslugi',0),
	(951,'2024-04-19 21:30:00','2024-04-19 21:30:00',950,816,'Виготовлення пам\'ятників','izgotovlenie-pamyatnikov',0),
	(952,'2024-04-19 21:30:00','2024-04-19 21:30:00',950,816,'Інші ритуальні послуги','inshe',0),
	(953,'2024-04-19 21:30:00','2024-04-19 21:30:00',816,816,'Інші послуги','prochie-uslugi',0),
	(954,'2024-04-19 21:30:00','2024-04-19 21:30:00',0,0,'Оренда та прокат','arenda-prokat',0),
	(955,'2024-04-19 21:30:00','2024-04-19 21:30:00',954,954,'Оренда транспорту та спецтехніки','transport-spetstehnika',0),
	(956,'2024-04-19 21:30:00','2024-04-19 21:30:00',955,954,'Авто','avto',0),
	(957,'2024-04-19 21:30:00','2024-04-19 21:30:00',955,954,'Автобус, мікроавтобус','avtobusy-mikroavtobusy',0),
	(958,'2024-04-19 21:30:00','2024-04-19 21:30:00',955,954,'Причеп','pritsepy-lafety',0),
	(959,'2024-04-19 21:30:00','2024-04-19 21:30:00',955,954,'Фура, трал, довгомір','fury-traly-dlinnomery',0),
	(960,'2024-04-19 21:30:00','2024-04-19 21:30:00',955,954,'Самоскид, зерновоз','samosvaly-zernovozy',0),
	(961,'2024-04-19 21:30:00','2024-04-19 21:30:00',955,954,'Навантажувач','pogruzchiky',0),
	(962,'2024-04-19 21:30:00','2024-04-19 21:30:00',955,954,'Кран','krany',0),
	(963,'2024-04-19 21:30:00','2024-04-19 21:30:00',955,954,'Автовишка','avtovyshki',0),
	(964,'2024-04-19 21:30:00','2024-04-19 21:30:00',955,954,'Екскаватор, бульдозер','ekskavatory-buldozery',0),
	(965,'2024-04-19 21:30:00','2024-04-19 21:30:00',955,954,'Трактор, комбайн','traktory-kombayny',0),
	(966,'2024-04-19 21:30:00','2024-04-19 21:30:00',955,954,'Інший транспорт','drugoe',0),
	(967,'2024-04-19 21:30:00','2024-04-19 21:30:00',954,954,'Прокат велосипедів і мото','velosipedy-moto',0),
	(968,'2024-04-19 21:30:00','2024-04-19 21:30:00',954,954,'Оренда обладнання','oborudovanie',0),
	(969,'2024-04-19 21:30:00','2024-04-19 21:30:00',968,954,'Оренда генераторів','generatory',0),
	(970,'2024-04-19 21:30:00','2024-04-19 21:30:00',968,954,'Оренда опалубки','opalubka',0),
	(971,'2024-04-19 21:30:00','2024-04-19 21:30:00',968,954,'Оренда риштувань','lesa',0),
	(972,'2024-04-19 21:30:00','2024-04-19 21:30:00',968,954,'Оренда бетонозмішувачів та віброплит','betonomeshalki-vibroplity',0),
	(973,'2024-04-19 21:30:00','2024-04-19 21:30:00',968,954,'Оренда біотуалетів і побутівок','biotualety-bytovki',0),
	(974,'2024-04-19 21:30:00','2024-04-19 21:30:00',968,954,'Інше обладнання','drugoe',0),
	(975,'2024-04-19 21:30:00','2024-04-19 21:30:00',954,954,'Прокат інструментів','instrumenty',0),
	(976,'2024-04-19 21:30:00','2024-04-19 21:30:00',954,954,'Прокат товарів мед призначення','tovary-med-naznacheniya',0),
	(977,'2024-04-19 21:30:00','2024-04-19 21:30:00',954,954,'Прокат техніки та електроніки','tehnika-elektronika',0),
	(978,'2024-04-19 21:30:00','2024-04-19 21:30:00',954,954,'Прокат товарів для заходів','tovary-dlya-meropriyatiy',0),
	(979,'2024-04-19 21:30:00','2024-04-19 21:30:00',954,954,'Прокат спорт і туристичних товарів','sport-turisticheskie-tovary',0),
	(980,'2024-04-19 21:30:00','2024-04-19 21:30:00',954,954,'Прокат одягу та аксесуарів','odezhda-aksessuary',0),
	(981,'2024-04-19 21:30:00','2024-04-19 21:30:00',954,954,'Прокат дитячого одягу та товарів','detskaya-odezhda-tovary',0),
	(982,'2024-04-19 21:30:00','2024-04-19 21:30:00',954,954,'Інші товари на прокат','drugoe',0),
	(983,'2024-04-19 21:30:00','2024-04-19 21:30:00',0,0,'Мода і стиль','moda-i-stil',0),
	(984,'2024-04-19 21:30:00','2024-04-19 21:30:00',983,983,'Жіночий одяг','zhenskaya-odezhda',0),
	(985,'2024-04-19 21:30:00','2024-04-19 21:30:00',984,983,'Боді','bodi',0),
	(986,'2024-04-19 21:30:00','2024-04-19 21:30:00',984,983,'Майки та футболки','mayki-futbolki',0),
	(987,'2024-04-19 21:30:00','2024-04-19 21:30:00',984,983,'Блузи і сорочки','bluzy-rubashki',0),
	(988,'2024-04-19 21:30:00','2024-04-19 21:30:00',984,983,'Светри, кардигани, худі','svitery-kardigany-hudi',0),
	(989,'2024-04-19 21:30:00','2024-04-19 21:30:00',984,983,'Плаття','platya',0),
	(990,'2024-04-19 21:30:00','2024-04-19 21:30:00',984,983,'Спідниці','yubki',0),
	(991,'2024-04-19 21:30:00','2024-04-19 21:30:00',984,983,'Верхній одяг','verhnyaya-odezhda',0),
	(992,'2024-04-19 21:30:00','2024-04-19 21:30:00',984,983,'Джинси','dzhinsy',0),
	(993,'2024-04-19 21:30:00','2024-04-19 21:30:00',984,983,'Шорти','shorty',0),
	(994,'2024-04-19 21:30:00','2024-04-19 21:30:00',984,983,'Брюки','bryuki',0),
	(995,'2024-04-19 21:30:00','2024-04-19 21:30:00',984,983,'Комбінезони','kombinezony',0),
	(996,'2024-04-19 21:30:00','2024-04-19 21:30:00',984,983,'Костюми','kostyumy',0),
	(997,'2024-04-19 21:30:00','2024-04-19 21:30:00',984,983,'Жіночі піджаки та жакети','pidzhaki-zhakety',0),
	(998,'2024-04-19 21:30:00','2024-04-19 21:30:00',984,983,'Домашній одяг та одяг для сну','domashnyaya-dlya-sna',0),
	(999,'2024-04-19 21:30:00','2024-04-19 21:30:00',984,983,'Спортивний одяг','sportivnaya-odezhda',0),
	(1000,'2024-04-19 21:30:00','2024-04-19 21:30:00',984,983,'Вишиванки','vyshivanki',0),
	(1001,'2024-04-19 21:30:00','2024-04-19 21:30:00',984,983,'Інший жіночий одяг','drugoe',0),
	(1002,'2024-04-19 21:30:00','2024-04-19 21:30:00',983,983,'Жіноче взуття','zhenskaya-obuv',0),
	(1003,'2024-04-19 21:30:00','2024-04-19 21:30:00',1002,983,'Черевики та напівчеревики','botinki-polubotinki',0),
	(1004,'2024-04-19 21:30:00','2024-04-19 21:30:00',1002,983,'Туфлі','tufli',0),
	(1005,'2024-04-19 21:30:00','2024-04-19 21:30:00',1002,983,'Чоботи, напівчоботи','sapogi-polusapozhki',0),
	(1006,'2024-04-19 21:30:00','2024-04-19 21:30:00',1002,983,'Уггі','uggi',0),
	(1007,'2024-04-19 21:30:00','2024-04-19 21:30:00',1002,983,'Мокасини та сліпони','mokasiny-slipony',0),
	(1008,'2024-04-19 21:30:00','2024-04-19 21:30:00',1002,983,'Кросівки','krossovki',0),
	(1009,'2024-04-19 21:30:00','2024-04-19 21:30:00',1002,983,'Кеди','kedy',0),
	(1010,'2024-04-19 21:30:00','2024-04-19 21:30:00',1002,983,'Домашні капці','domashnie-tapochki',0),
	(1011,'2024-04-19 21:30:00','2024-04-19 21:30:00',1002,983,'Ортопедичне взуття','ortopedicheskaya-obuv',0),
	(1012,'2024-04-19 21:30:00','2024-04-19 21:30:00',1002,983,'Спортивне взуття','sportivnaya-obuv',0),
	(1013,'2024-04-19 21:30:00','2024-04-19 21:30:00',1002,983,'Босоніжки, сандалі, в\'єтнамки','bosonozhki-sandali-vetnamki',0),
	(1014,'2024-04-19 21:30:00','2024-04-19 21:30:00',1002,983,'Інше жіноче взуття','drugoe',0),
	(1015,'2024-04-19 21:30:00','2024-04-19 21:30:00',983,983,'Чоловічий одяг','muzhskaya-odezhda',0),
	(1016,'2024-04-19 21:30:00','2024-04-19 21:30:00',1015,983,'Футболки та майки','futbolki-mayki',0),
	(1017,'2024-04-19 21:30:00','2024-04-19 21:30:00',1015,983,'Сорочки і теніски','rubashki-tenniski',0),
	(1018,'2024-04-19 21:30:00','2024-04-19 21:30:00',1015,983,'Кофти й светри','kofty-svitery',0),
	(1019,'2024-04-19 21:30:00','2024-04-19 21:30:00',1015,983,'Верхній одяг','verhnyaya-odezhda',0),
	(1020,'2024-04-19 21:30:00','2024-04-19 21:30:00',1015,983,'Шорти','shorty',0),
	(1021,'2024-04-19 21:30:00','2024-04-19 21:30:00',1015,983,'Джинси','dzhinsy',0),
	(1022,'2024-04-19 21:30:00','2024-04-19 21:30:00',1015,983,'Штани','bryuki',0),
	(1023,'2024-04-19 21:30:00','2024-04-19 21:30:00',1015,983,'Костюми та піджаки','kostyumy-pidzhaki',0),
	(1024,'2024-04-19 21:30:00','2024-04-19 21:30:00',1015,983,'Комбінезони','kombinezony',0),
	(1025,'2024-04-19 21:30:00','2024-04-19 21:30:00',1015,983,'Одяг для дому та сну','odezhda-dlya-doma-sna',0),
	(1026,'2024-04-19 21:30:00','2024-04-19 21:30:00',1015,983,'Спортивний одяг','sportivnaya-odezhda',0),
	(1027,'2024-04-19 21:30:00','2024-04-19 21:30:00',1015,983,'Інший чоловічий одяг','drugoe',0),
	(1028,'2024-04-19 21:30:00','2024-04-19 21:30:00',983,983,'Чоловіче взуття','muzhskaya-obuv',0),
	(1029,'2024-04-19 21:30:00','2024-04-19 21:30:00',1028,983,'Кросівки','krossovki',0),
	(1030,'2024-04-19 21:30:00','2024-04-19 21:30:00',1028,983,'Кеди','kedy',0),
	(1031,'2024-04-19 21:30:00','2024-04-19 21:30:00',1028,983,'Черевики','botinki',0),
	(1032,'2024-04-19 21:30:00','2024-04-19 21:30:00',1028,983,'Сандалі і шльопанці','sandali-shlepantsy',0),
	(1033,'2024-04-19 21:30:00','2024-04-19 21:30:00',1028,983,'Чоботи','sapogi',0),
	(1034,'2024-04-19 21:30:00','2024-04-19 21:30:00',1028,983,'Домашні капці','domashnie-tapochki',0),
	(1035,'2024-04-19 21:30:00','2024-04-19 21:30:00',1028,983,'Мокасини та сліпони','mokasiny-slipony',0),
	(1036,'2024-04-19 21:30:00','2024-04-19 21:30:00',1028,983,'Ортопедичне взуття','ortopedicheskaya-obuv',0),
	(1037,'2024-04-19 21:30:00','2024-04-19 21:30:00',1028,983,'Туфлі','tufli',0),
	(1038,'2024-04-19 21:30:00','2024-04-19 21:30:00',1028,983,'Інше чоловіче взуття','drugoe',0),
	(1039,'2024-04-19 21:30:00','2024-04-19 21:30:00',983,983,'Жіноча білизна та купальники','zhenskoe-bele-kupalniki',0),
	(1040,'2024-04-19 21:30:00','2024-04-19 21:30:00',1039,983,'Пляжні сукні та туніки','plyazhnye-platya-tuniki',0),
	(1041,'2024-04-19 21:30:00','2024-04-19 21:30:00',1039,983,'Парео, накидки','pareo-nakidki',0),
	(1042,'2024-04-19 21:30:00','2024-04-19 21:30:00',1039,983,'Пляжні шорти','plyazhnye-shorty',0),
	(1043,'2024-04-19 21:30:00','2024-04-19 21:30:00',1039,983,'Купальники','kupalniki',0),
	(1044,'2024-04-19 21:30:00','2024-04-19 21:30:00',1039,983,'Труси','trusy',0),
	(1045,'2024-04-19 21:30:00','2024-04-19 21:30:00',1039,983,'Бюстгалтери','byustgaltery',0),
	(1046,'2024-04-19 21:30:00','2024-04-19 21:30:00',1039,983,'Комплекти спідньої білизни','komplekty-nizhnego-belya',0),
	(1047,'2024-04-19 21:30:00','2024-04-19 21:30:00',1039,983,'Корегуюча білизна','korrektiruyushchee-bele',0),
	(1048,'2024-04-19 21:30:00','2024-04-19 21:30:00',1039,983,'Термобілизна','termobele',0),
	(1049,'2024-04-19 21:30:00','2024-04-19 21:30:00',1039,983,'Еротична білизна','eroticheskoe-bele',0),
	(1050,'2024-04-19 21:30:00','2024-04-19 21:30:00',1039,983,'Корсети','korsety',0),
	(1051,'2024-04-19 21:30:00','2024-04-19 21:30:00',1039,983,'Комбінації','kombinatsii',0),
	(1052,'2024-04-19 21:30:00','2024-04-19 21:30:00',1039,983,'Топи бюстьє','topy-byuste',0),
	(1053,'2024-04-19 21:30:00','2024-04-19 21:30:00',1039,983,'Пояси і підв\'язки для панчох','poyasa-podvyazki',0),
	(1054,'2024-04-19 21:30:00','2024-04-19 21:30:00',1039,983,'Комбідреси','kombidressy',0),
	(1055,'2024-04-19 21:30:00','2024-04-19 21:30:00',1039,983,'Панчохи / шкарпетки / колготки','chulki-noski-kolgotki',0),
	(1056,'2024-04-19 21:30:00','2024-04-19 21:30:00',1039,983,'Інша жіноча білизна','drugoe',0),
	(1057,'2024-04-19 21:30:00','2024-04-19 21:30:00',983,983,'Чоловіча білизна та плавки','muzhskoe-bele-plavki',0),
	(1058,'2024-04-19 21:30:00','2024-04-19 21:30:00',1057,983,'Труси','trusy',0),
	(1059,'2024-04-19 21:30:00','2024-04-19 21:30:00',1057,983,'Термобілизна','termobele',0),
	(1060,'2024-04-19 21:30:00','2024-04-19 21:30:00',1057,983,'Шкарпетки','noski',0),
	(1061,'2024-04-19 21:30:00','2024-04-19 21:30:00',1057,983,'Плавки','plavki',0),
	(1062,'2024-04-19 21:30:00','2024-04-19 21:30:00',1057,983,'Інша чоловіча білизна','drugoe',0),
	(1063,'2024-04-19 21:30:00','2024-04-19 21:30:00',983,983,'Головні убори','golovnye-ubory',0),
	(1064,'2024-04-19 21:30:00','2024-04-19 21:30:00',1063,983,'Бейсболки та кепки','beysbolki-kepki',0),
	(1065,'2024-04-19 21:30:00','2024-04-19 21:30:00',1063,983,'Балаклави','balaklavy',0),
	(1066,'2024-04-19 21:30:00','2024-04-19 21:30:00',1063,983,'Комплекти','komplekty',0),
	(1067,'2024-04-19 21:30:00','2024-04-19 21:30:00',1063,983,'Панами','panamy',0),
	(1068,'2024-04-19 21:30:00','2024-04-19 21:30:00',1063,983,'Капелюхи','shlyapy',0),
	(1069,'2024-04-19 21:30:00','2024-04-19 21:30:00',1063,983,'Шапки','shapki',0),
	(1070,'2024-04-19 21:30:00','2024-04-19 21:30:00',1063,983,'Берети','berety',0),
	(1071,'2024-04-19 21:30:00','2024-04-19 21:30:00',1063,983,'Бандани, бафи','bandany-baffy',0),
	(1072,'2024-04-19 21:30:00','2024-04-19 21:30:00',1063,983,'Пов\'язки та хутряні навушники','povyazki-teplye-naushniki',0),
	(1073,'2024-04-19 21:30:00','2024-04-19 21:30:00',1063,983,'Інші головні убори','drugoe',0),
	(1074,'2024-04-19 21:30:00','2024-04-19 21:30:00',983,983,'Для весілля','dlya-svadby',0),
	(1075,'2024-04-19 21:30:00','2024-04-19 21:30:00',1074,983,'Весільні сукні','platya',0),
	(1076,'2024-04-19 21:30:00','2024-04-19 21:30:00',1074,983,'Весільні костюми','kostyumy',0),
	(1077,'2024-04-19 21:30:00','2024-04-19 21:30:00',1074,983,'Сукні для подружок нареченої','plate-podruzhki-nevesty',0),
	(1078,'2024-04-19 21:30:00','2024-04-19 21:30:00',1074,983,'Весільне взуття','obuv',0),
	(1079,'2024-04-19 21:30:00','2024-04-19 21:30:00',1074,983,'Весільні аксесуари для нареченої','aksessuary',0),
	(1080,'2024-04-19 21:30:00','2024-04-19 21:30:00',1074,983,'Весільна білизна','svadebnoe-bele',0),
	(1081,'2024-04-19 21:30:00','2024-04-19 21:30:00',1074,983,'Весільні аксесуари (декор)','dekor',0),
	(1082,'2024-04-19 21:30:00','2024-04-19 21:30:00',1074,983,'Інше','drugoe',0),
	(1083,'2024-04-19 21:30:00','2024-04-19 21:30:00',983,983,'Наручні годинники','naruchnye-chasy',0),
	(1084,'2024-04-19 21:30:00','2024-04-19 21:30:00',983,983,'Аксесуари','aksessuary',0),
	(1085,'2024-04-19 21:30:00','2024-04-19 21:30:00',1084,983,'Ювелірні вироби','yuvelirnye-izdeliya',0),
	(1086,'2024-04-19 21:30:00','2024-04-19 21:30:00',1084,983,'Сумки','sumki',0),
	(1087,'2024-04-19 21:30:00','2024-04-19 21:30:00',1084,983,'Біжутерія','bizhuteriya',0),
	(1088,'2024-04-19 21:30:00','2024-04-19 21:30:00',1084,983,'Скриньки для прикрас','shkatulki-dlya-ukrasheniy',0),
	(1089,'2024-04-19 21:30:00','2024-04-19 21:30:00',1084,983,'Рюкзаки міські та спортивні','ryukzaki',0),
	(1090,'2024-04-19 21:30:00','2024-04-19 21:30:00',1084,983,'Гаманці, косметички, візитниці','koshelki-kosmetichki-vizitnitsy',0),
	(1091,'2024-04-19 21:30:00','2024-04-19 21:30:00',1084,983,'Парасолі','zonty',0),
	(1092,'2024-04-19 21:30:00','2024-04-19 21:30:00',1084,983,'Аксесуари для волосся','dlya-volos',0),
	(1093,'2024-04-19 21:30:00','2024-04-19 21:30:00',1084,983,'Ремені та пояси','remni-poyasa',0),
	(1094,'2024-04-19 21:30:00','2024-04-19 21:30:00',1084,983,'Шарфи і рукавички','sharfy-perchatki',0),
	(1095,'2024-04-19 21:30:00','2024-04-19 21:30:00',1084,983,'Окуляри','ochki',0),
	(1096,'2024-04-19 21:30:00','2024-04-19 21:30:00',1084,983,'Краватки і метелики','galstuki-babochki',0),
	(1097,'2024-04-19 21:30:00','2024-04-19 21:30:00',1084,983,'Аксесуари для взуття','dlya-obuvi',0),
	(1098,'2024-04-19 21:30:00','2024-04-19 21:30:00',1084,983,'Ремінці та браслети для годинника','remeshki-braslety',0),
	(1099,'2024-04-19 21:30:00','2024-04-19 21:30:00',1084,983,'Інші аксесуари','drugie-aksessuary',0),
	(1100,'2024-04-19 21:30:00','2024-04-19 21:30:00',1084,983,'Маски для сну','maski-dlya-sna',0),
	(1101,'2024-04-19 21:30:00','2024-04-19 21:30:00',983,983,'Одяг для вагітних','odezhda-dlya-beremennyh',0),
	(1102,'2024-04-19 21:30:00','2024-04-19 21:30:00',1101,983,'Футболки та майки для вагітних та годуючих','futbolki-mayki',0),
	(1103,'2024-04-19 21:30:00','2024-04-19 21:30:00',1101,983,'Блузки та туніки для вагітних та годуючих','bluzki-tuniki',0),
	(1104,'2024-04-19 21:30:00','2024-04-19 21:30:00',1101,983,'Плаття для вагітних та годуючих','platya',0),
	(1105,'2024-04-19 21:30:00','2024-04-19 21:30:00',1101,983,'Спідниці для вагітних','yubki',0),
	(1106,'2024-04-19 21:30:00','2024-04-19 21:30:00',1101,983,'Купальники для вагітних','kupalniki',0),
	(1107,'2024-04-19 21:30:00','2024-04-19 21:30:00',1101,983,'Нижня білизна для вагітних та годуючих','nizhnee-bele',0),
	(1108,'2024-04-19 21:30:00','2024-04-19 21:30:00',1101,983,'Шорти для вагітних','shorty',0),
	(1109,'2024-04-19 21:30:00','2024-04-19 21:30:00',1101,983,'Комбінезони для вагітних та годуючих','kombinezony',0),
	(1110,'2024-04-19 21:30:00','2024-04-19 21:30:00',1101,983,'Штани і легінси для вагітних','shtany-legginsy',0),
	(1111,'2024-04-19 21:30:00','2024-04-19 21:30:00',1101,983,'Джинси для вагітних','dzhinsy',0),
	(1112,'2024-04-19 21:30:00','2024-04-19 21:30:00',1101,983,'Колготки для вагітних','kolgotki',0),
	(1113,'2024-04-19 21:30:00','2024-04-19 21:30:00',1101,983,'Верхній одяг для вагітних','verhnyaya-odezhda',0),
	(1114,'2024-04-19 21:30:00','2024-04-19 21:30:00',1101,983,'Одяг для сну і дому для вагітних та годуючих','odezhda-dlya-sna-doma',0),
	(1115,'2024-04-19 21:30:00','2024-04-19 21:30:00',1101,983,'Светри і толстовки для вагітних та годуючих','svitery-tolstovki',0),
	(1116,'2024-04-19 21:30:00','2024-04-19 21:30:00',1101,983,'Костюми для вагітних та годуючих','kostyumy',0),
	(1117,'2024-04-19 21:30:00','2024-04-19 21:30:00',1101,983,'Сарафани для вагітних та годуючих','sarafany',0),
	(1118,'2024-04-19 21:30:00','2024-04-19 21:30:00',1101,983,'Пояси для вагітних та годуючих','poyasa',0),
	(1119,'2024-04-19 21:30:00','2024-04-19 21:30:00',1101,983,'Інший одяг для вагітних','drugoe',0),
	(1120,'2024-04-19 21:30:00','2024-04-19 21:30:00',983,983,'Краса / здоров\'я','krasota-zdorove',0),
	(1121,'2024-04-19 21:30:00','2024-04-19 21:30:00',1120,983,'Парфумерія','parfyumeriya',0),
	(1122,'2024-04-19 21:30:00','2024-04-19 21:30:00',1120,983,'Обладнання перукарень / салонів краси','oborudovanie-parikmaherskih-salonov-krasoty',0),
	(1123,'2024-04-19 21:30:00','2024-04-19 21:30:00',1120,983,'Товари для інвалідів','tovary-dlya-invalidov',0),
	(1124,'2024-04-19 21:30:00','2024-04-19 21:30:00',1120,983,'Догляд за обличчям','uhod-za-litsom',0),
	(1125,'2024-04-19 21:30:00','2024-04-19 21:30:00',1120,983,'Макіяж / декоративна косметика','makiyazh',0),
	(1126,'2024-04-19 21:30:00','2024-04-19 21:30:00',1120,983,'Косметика для волосся','kosmetika-dlya-volos',0),
	(1127,'2024-04-19 21:30:00','2024-04-19 21:30:00',1120,983,'Фарбування','okrashivanie',0),
	(1128,'2024-04-19 21:30:00','2024-04-19 21:30:00',1120,983,'Косметика для тіла','kosmetika-dlya-tela',0),
	(1129,'2024-04-19 21:30:00','2024-04-19 21:30:00',1120,983,'Для ротової порожнини','dlya-polosti-rta',0),
	(1130,'2024-04-19 21:30:00','2024-04-19 21:30:00',1120,983,'Для нігтів','dlya-nogtey',0),
	(1131,'2024-04-19 21:30:00','2024-04-19 21:30:00',1120,983,'Для гоління','dlya-britya',0),
	(1132,'2024-04-19 21:30:00','2024-04-19 21:30:00',1120,983,'Гігієнічні засоби','gigienicheskie-sredstva',0),
	(1133,'2024-04-19 21:30:00','2024-04-19 21:30:00',1120,983,'Ортопедичні товари','ortopedicheskie-tovary',0),
	(1134,'2024-04-19 21:30:00','2024-04-19 21:30:00',1120,983,'Медичне приладдя','meditsinskie-prinadlezhnosti',0),
	(1135,'2024-04-19 21:30:00','2024-04-19 21:30:00',1120,983,'Косметичні інструменти та аксесуари','kosmeticheskie-instrumenty-aksessuary',0),
	(1136,'2024-04-19 21:30:00','2024-04-19 21:30:00',1120,983,'Інші товари для краси і здоров\'я','prochie-tovary-dlya-krasoty-i-zdorovya',0),
	(1137,'2024-04-19 21:30:00','2024-04-19 21:30:00',983,983,'Подарунки','podarki',0),
	(1138,'2024-04-19 21:30:00','2024-04-19 21:30:00',1137,983,'Подарунки для чоловіків','dlya-muzhchin',0),
	(1139,'2024-04-19 21:30:00','2024-04-19 21:30:00',1137,983,'Подарунки для жінок','dlya-zhenshchin',0),
	(1140,'2024-04-19 21:30:00','2024-04-19 21:30:00',1137,983,'Подарунки для дітей','dlya-detey',0),
	(1141,'2024-04-19 21:30:00','2024-04-19 21:30:00',1137,983,'Подарунки на день народження','den-rozhdeniya',0),
	(1142,'2024-04-19 21:30:00','2024-04-19 21:30:00',1137,983,'Подарунки на весілля','svadba',0),
	(1143,'2024-04-19 21:30:00','2024-04-19 21:30:00',1137,983,'Подарунки на 8 березня','8-marta',0),
	(1144,'2024-04-19 21:30:00','2024-04-19 21:30:00',1137,983,'Подарунки на Новий рік','noviy-god',0),
	(1145,'2024-04-19 21:30:00','2024-04-19 21:30:00',1137,983,'Подарунки колегам','kollegam',0),
	(1146,'2024-04-19 21:30:00','2024-04-19 21:30:00',1137,983,'Смачні подарунки','vkusnye',0),
	(1147,'2024-04-19 21:30:00','2024-04-19 21:30:00',1137,983,'Подарункові коробки та пакування','korobki-upakovki',0),
	(1148,'2024-04-19 21:30:00','2024-04-19 21:30:00',1137,983,'Подарунки ручної роботи','ruchnoy-raboty',0),
	(1149,'2024-04-19 21:30:00','2024-04-19 21:30:00',1137,983,'Листівки та конверти','otkrytki-konverty',0),
	(1150,'2024-04-19 21:30:00','2024-04-19 21:30:00',1137,983,'Букети','bukety',0),
	(1151,'2024-04-19 21:30:00','2024-04-19 21:30:00',1137,983,'Повітряні кульки та композиції з них','vozdushnye-shary-i-kompozicii',0),
	(1152,'2024-04-19 21:30:00','2024-04-19 21:30:00',1137,983,'Інші подарунки','drugoe',0),
	(1153,'2024-04-19 21:30:00','2024-04-19 21:30:00',983,983,'Спецодяг, спецвзуття та аксесуари','spetsodezhda-i-spetsobuv',0),
	(1154,'2024-04-19 21:30:00','2024-04-19 21:30:00',1153,983,'Робочий спецодяг','spetsodezhda',0),
	(1155,'2024-04-19 21:30:00','2024-04-19 21:30:00',1153,983,'Медичний одяг','meditsinskaya-odezhda',0),
	(1156,'2024-04-19 21:30:00','2024-04-19 21:30:00',1153,983,'Світловідбиваючі жилети','svetootrazhayushchie-zhilety',0),
	(1157,'2024-04-19 21:30:00','2024-04-19 21:30:00',1153,983,'Одноразовий одяг','odnorazovaya-odezhda',0),
	(1158,'2024-04-19 21:30:00','2024-04-19 21:30:00',1153,983,'Дощовики','dozhdeviki',0),
	(1159,'2024-04-19 21:30:00','2024-04-19 21:30:00',1153,983,'Засоби захисту органів дихання','sredstva-zashchity-organov-dyhaniya',0),
	(1160,'2024-04-19 21:30:00','2024-04-19 21:30:00',1153,983,'Робоче взуття','rabochaya-obuv',0),
	(1161,'2024-04-19 21:30:00','2024-04-19 21:30:00',1153,983,'Інше','drugoe',0),
	(1162,'2024-04-19 21:30:00','2024-04-19 21:30:00',983,983,'Мода різне','moda-raznoe',0),
	(1163,'2024-04-19 21:30:00','2024-04-19 21:30:00',0,0,'Хобі, відпочинок і спорт','hobbi-otdyh-i-sport',0),
	(1164,'2024-04-19 21:30:00','2024-04-19 21:30:00',1163,1163,'Антикваріат / колекції','antikvariat-kollektsii',0),
	(1165,'2024-04-19 21:30:00','2024-04-19 21:30:00',1164,1163,'Антикварні меблі','antikvarnaya-mebel',0),
	(1166,'2024-04-19 21:30:00','2024-04-19 21:30:00',1164,1163,'Букіністика','bukinistika',0),
	(1167,'2024-04-19 21:30:00','2024-04-19 21:30:00',1164,1163,'Живопис','zhivopis',0),
	(1168,'2024-04-19 21:30:00','2024-04-19 21:30:00',1164,1163,'Предмети мистецтва','predmety-iskusstva',0),
	(1169,'2024-04-19 21:30:00','2024-04-19 21:30:00',1164,1163,'Колекціонування','kollektsionirovanie',0),
	(1170,'2024-04-19 21:30:00','2024-04-19 21:30:00',1164,1163,'Витвори майстрів / рукоділля','podelki-rukodelie',0),
	(1171,'2024-04-19 21:30:00','2024-04-19 21:30:00',1163,1163,'Музичні інструменти','muzykalnye-instrumenty',0),
	(1172,'2024-04-19 21:30:00','2024-04-19 21:30:00',1171,1163,'Акустичні гітари','akusticheskie-gitary',0),
	(1173,'2024-04-19 21:30:00','2024-04-19 21:30:00',1171,1163,'Бас-гітари','bas-gitary',0),
	(1174,'2024-04-19 21:30:00','2024-04-19 21:30:00',1171,1163,'Піаніно / фортепіано / роялі','pianino-fortepiano-royali',0),
	(1175,'2024-04-19 21:30:00','2024-04-19 21:30:00',1171,1163,'Електрогітари','elektrogitary',0),
	(1176,'2024-04-19 21:30:00','2024-04-19 21:30:00',1171,1163,'Духові інструменти','duhovye-instrumenty',0),
	(1177,'2024-04-19 21:30:00','2024-04-19 21:30:00',1171,1163,'Комбопідсилювачі','kombousiliteli',0),
	(1178,'2024-04-19 21:30:00','2024-04-19 21:30:00',1171,1163,'Синтезатори','sintezatory',0),
	(1179,'2024-04-19 21:30:00','2024-04-19 21:30:00',1171,1163,'Ударні інструменти','udarnye-instrumenty',0),
	(1180,'2024-04-19 21:30:00','2024-04-19 21:30:00',1171,1163,'Студійне обладнання','studiynoe-oborudovanie',0),
	(1181,'2024-04-19 21:30:00','2024-04-19 21:30:00',1171,1163,'Аксесуари для музичних інструментів','aksessuary-dlya-muzykalnyh-instrumentov',0),
	(1182,'2024-04-19 21:30:00','2024-04-19 21:30:00',1171,1163,'Інше','prochee',0),
	(1183,'2024-04-19 21:30:00','2024-04-19 21:30:00',1163,1163,'Спорт / відпочинок','sport-otdyh',0),
	(1184,'2024-04-19 21:30:00','2024-04-19 21:30:00',1183,1163,'Лижі / сноуборди','lyzhi-snoubordy',0),
	(1185,'2024-04-19 21:30:00','2024-04-19 21:30:00',1183,1163,'Ковзани','konki',0),
	(1186,'2024-04-19 21:30:00','2024-04-19 21:30:00',1183,1163,'Роликові ковзани','rolikovye-konki',0),
	(1187,'2024-04-19 21:30:00','2024-04-19 21:30:00',1183,1163,'Атлетика / фітнес','atletika-fitnes',0),
	(1188,'2024-04-19 21:30:00','2024-04-19 21:30:00',1183,1163,'Туризм','turizm',0),
	(1189,'2024-04-19 21:30:00','2024-04-19 21:30:00',1183,1163,'Полювання / риболовля','ohota-rybalka',0),
	(1190,'2024-04-19 21:30:00','2024-04-19 21:30:00',1183,1163,'Ігри з ракеткою','igry-s-raketkoy',0),
	(1191,'2024-04-19 21:30:00','2024-04-19 21:30:00',1183,1163,'Водні види спорту','vodnye-vidy-sporta',0),
	(1192,'2024-04-19 21:30:00','2024-04-19 21:30:00',1183,1163,'Футбол','futbol',0),
	(1193,'2024-04-19 21:30:00','2024-04-19 21:30:00',1183,1163,'Хокей','hokkey',0),
	(1194,'2024-04-19 21:30:00','2024-04-19 21:30:00',1183,1163,'Єдиноборства / бокс','edinoborstva-boks',0),
	(1195,'2024-04-19 21:30:00','2024-04-19 21:30:00',1183,1163,'Настільні ігри','nastolnye-igry',0),
	(1196,'2024-04-19 21:30:00','2024-04-19 21:30:00',1183,1163,'Інші види спорту','prochie-vidy-sporta',0),
	(1197,'2024-04-19 21:30:00','2024-04-19 21:30:00',1163,1163,'Вело','velo',0),
	(1198,'2024-04-19 21:30:00','2024-04-19 21:30:00',1197,1163,'Велосипеди','velosipedy',0),
	(1199,'2024-04-19 21:30:00','2024-04-19 21:30:00',1197,1163,'Велозахист','velozashchita',0),
	(1200,'2024-04-19 21:30:00','2024-04-19 21:30:00',1197,1163,'Велоаксесуари','veloaksessuary',0),
	(1201,'2024-04-19 21:30:00','2024-04-19 21:30:00',1197,1163,'Велозапчастини','velozapchasti',0),
	(1202,'2024-04-19 21:30:00','2024-04-19 21:30:00',1197,1163,'Електровелосипеди','elektrovelosipedy',0),
	(1203,'2024-04-19 21:30:00','2024-04-19 21:30:00',1163,1163,'Мілітарія','militariya',0),
	(1204,'2024-04-19 21:30:00','2024-04-19 21:30:00',1203,1163,'Військовий одяг','voennaya-odezhda',0),
	(1205,'2024-04-19 21:30:00','2024-04-19 21:30:00',1203,1163,'Військове взуття','voennaya-obuv',0),
	(1206,'2024-04-19 21:30:00','2024-04-19 21:30:00',1203,1163,'Рюкзаки та сумки','ryukzaki-i-sumki',0),
	(1207,'2024-04-19 21:30:00','2024-04-19 21:30:00',1203,1163,'Розвантажувальні системи','razgruzochnye-sistemy',0),
	(1208,'2024-04-19 21:30:00','2024-04-19 21:30:00',1203,1163,'Підсумки','podsumki',0),
	(1209,'2024-04-19 21:30:00','2024-04-19 21:30:00',1203,1163,'Спорядження','snaryazhenie',0),
	(1210,'2024-04-19 21:30:00','2024-04-19 21:30:00',1203,1163,'Збройові аксесуари','oruzhejnye-aksessuary',0),
	(1211,'2024-04-19 21:30:00','2024-04-19 21:30:00',1203,1163,'Медицина','meditsina',0),
	(1212,'2024-04-19 21:30:00','2024-04-19 21:30:00',1203,1163,'Захист','zashchita',0),
	(1213,'2024-04-19 21:30:00','2024-04-19 21:30:00',1163,1163,'Квадрокоптери та аксесуари','kvadrokoptery-i-aksessuary',0),
	(1214,'2024-04-19 21:30:00','2024-04-19 21:30:00',1213,1163,'Квадрокоптери','kvadrokoptery',0),
	(1215,'2024-04-19 21:30:00','2024-04-19 21:30:00',1213,1163,'Аксесуари для квадрокоптерів','instrumenty-i-aksessuary',0),
	(1216,'2024-04-19 21:30:00','2024-04-19 21:30:00',1163,1163,'Книги / журнали','knigi-zhurnaly',0),
	(1217,'2024-04-19 21:30:00','2024-04-19 21:30:00',1163,1163,'CD / DVD / Платівки','cd-dvd-plastinki',0),
	(1218,'2024-04-19 21:30:00','2024-04-19 21:30:00',1163,1163,'Квитки','bilety',0),
	(1219,'2024-04-19 21:30:00','2024-04-19 21:30:00',1163,1163,'Пошук попутників','poisk-poputchikov',0),
	(1220,'2024-04-19 21:30:00','2024-04-19 21:30:00',1163,1163,'Пошук гуртів / музикантів','poisk-grupp-muzykantov',0),
	(1221,'2024-04-19 21:30:00','2024-04-19 21:30:00',1163,1163,'Інше','drugoe',0);

/*!40000 ALTER TABLE `category` ENABLE KEYS */;
UNLOCK TABLES;


# Dump of table comment
# ------------------------------------------------------------

DROP TABLE IF EXISTS `comment`;

CREATE TABLE `comment` (
  `ID` int(11) NOT NULL AUTO_INCREMENT,
  `created_at` timestamp NULL DEFAULT NULL,
  `updated_at` timestamp NULL DEFAULT current_timestamp() ON UPDATE current_timestamp(),
  `userFromID` int(11) NOT NULL,
  `userToID` int(11) NOT NULL,
  `offerID` int(11) NOT NULL,
  `refuseID` int(11) DEFAULT NULL,
  `rating` tinyint(1) DEFAULT NULL,
  `comment` text DEFAULT NULL,
  PRIMARY KEY (`ID`)
) ENGINE=InnoDB DEFAULT CHARSET=utf8mb3 COLLATE=utf8mb3_unicode_ci;

LOCK TABLES `comment` WRITE;
/*!40000 ALTER TABLE `comment` DISABLE KEYS */;

INSERT INTO `comment` (`ID`, `created_at`, `updated_at`, `userFromID`, `userToID`, `offerID`, `refuseID`, `rating`, `comment`)
VALUES
	(1,'2025-05-08 08:38:05','2025-05-08 08:38:05',598,596,1,NULL,1,'нейтр'),
	(2,'2025-05-09 07:13:23','2025-05-09 07:13:23',598,596,2,NULL,2,'\r\nfirko2@ukr.net\r\n0\r\n1\r\n0\r\nАкваріумістика\r\nЗалишилось - 27днів\r\nРегіон - Запорізька область'),
	(3,'2025-05-09 07:16:25','2025-05-09 07:16:25',598,596,3,NULL,2,'firko2@ukr.net\r\n1\r\n1\r\n0\r\n1\r\nпозитивних\r\n1\r\nнейтральних\r\n0\r\nнегативних\r\nКолеса в зборі\r\nХочу\r\nЗалишилось - 29днів\r\nРегіон - Івано-Франківська область'),
	(4,'2025-05-09 07:29:38','2025-05-09 07:29:38',596,598,3,NULL,0,'\r\nprodavec\r\n0\r\n0\r\n0\r\nЦіна - 3645.00 грн\r\nfirko2@ukr.net 0 1 0 Колеса в зборі Хочу Залишилось - 29днів Регіон - Івано-Франківська область'),
	(5,'2025-05-09 08:06:17','2025-05-09 08:06:17',596,598,4,0,NULL,''),
	(6,'2025-05-09 09:25:47','2025-05-09 09:25:47',596,598,5,NULL,2,'prodavec\r\n0\r\n0\r\n1\r\nЦіна - 534.00 грн\r\nОдяг для дівчаток Залишилось - 26днів Регіон - Вся Україна'),
	(7,'2025-05-09 09:58:04','2025-05-09 09:58:04',596,598,7,NULL,2,'prodavec\r\n1\r\n0\r\n1\r\nЦіна - 76.00 грн\r\nfirko2@ukr.net 2 1 0 Гризуни Залишилось - 13днів Регіон - Вся Україна'),
	(8,'2025-05-09 09:58:46','2025-05-09 09:58:46',598,596,7,NULL,0,'\r\nfirko2@ukr.net\r\n2\r\n1\r\n0\r\nГризуни\r\nЗалишилось - 13днів\r\nРегіон - Вся Україна'),
	(9,'2025-05-09 11:31:25','2025-05-09 11:31:25',596,598,6,0,NULL,'Ынша причина');

/*!40000 ALTER TABLE `comment` ENABLE KEYS */;
UNLOCK TABLES;


# Dump of table complaint_order
# ------------------------------------------------------------

DROP TABLE IF EXISTS `complaint_order`;

CREATE TABLE `complaint_order` (
  `id` int(11) NOT NULL AUTO_INCREMENT,
  `userID` int(11) NOT NULL,
  `sellerID` int(11) NOT NULL,
  `orderID` int(11) NOT NULL,
  PRIMARY KEY (`id`)
) ENGINE=MyISAM DEFAULT CHARSET=utf8mb3 COLLATE=utf8mb3_uca1400_ai_ci;



# Dump of table filter
# ------------------------------------------------------------

DROP TABLE IF EXISTS `filter`;

CREATE TABLE `filter` (
  `ID` int(11) NOT NULL AUTO_INCREMENT,
  `created_at` timestamp NULL DEFAULT NULL,
  `updated_at` timestamp NULL DEFAULT current_timestamp() ON UPDATE current_timestamp(),
  `categoryID` int(20) DEFAULT NULL,
  `name` varchar(255) NOT NULL,
  `type` tinyint(1) DEFAULT NULL,
  `item` text DEFAULT NULL,
  `unt` varchar(20) NOT NULL,
  PRIMARY KEY (`ID`),
  UNIQUE KEY `cat&name` (`categoryID`,`name`)
) ENGINE=InnoDB DEFAULT CHARSET=utf8mb3 COLLATE=utf8mb3_unicode_ci;



# Dump of table messages
# ------------------------------------------------------------

DROP TABLE IF EXISTS `messages`;

CREATE TABLE `messages` (
  `ID` int(11) NOT NULL AUTO_INCREMENT,
  `created_at` timestamp NULL DEFAULT NULL,
  `updated_at` timestamp NULL DEFAULT current_timestamp() ON UPDATE current_timestamp(),
  `name` varchar(255) NOT NULL,
  `slug` varchar(255) NOT NULL,
  PRIMARY KEY (`ID`)
) ENGINE=InnoDB DEFAULT CHARSET=utf8mb3 COLLATE=utf8mb3_unicode_ci;



# Dump of table migration
# ------------------------------------------------------------

DROP TABLE IF EXISTS `migration`;

CREATE TABLE `migration` (
  `version` varchar(180) NOT NULL,
  `apply_time` int(11) DEFAULT NULL,
  PRIMARY KEY (`version`)
) ENGINE=MyISAM DEFAULT CHARSET=utf8mb3 COLLATE=utf8mb3_uca1400_ai_ci;

LOCK TABLES `migration` WRITE;
/*!40000 ALTER TABLE `migration` DISABLE KEYS */;

INSERT INTO `migration` (`version`, `apply_time`)
VALUES
	('m000000_000001_table_create_user',1751639887),
	('m000000_000002_table_create_category',1751639893),
	('m000000_000003_table_create_user2category',1751639900),
	('m000000_000004_create_table_order',1751639915),
	('m000000_000005_create_table_product',1751639922),
	('m000000_000006_create_table_notification',1751639928),
	('m000000_000007_create_table_offer',1751639934),
	('m000000_000008_create_table_offer_image',1751639942),
	('m000000_000009_create_table_comment',1751639948),
	('m000000_000010_create_table_payment',1751639957),
	('m000000_000013_create_table_filter',1751639965),
	('m000000_000014_create_table_messages',1751639979),
	('m000000_000015_create_table_user_admin',1751639986),
	('m000000_100000_set_foreign_keys',1751639992),
	('m100000_000001_add_admin_user',1751640000),
	('m100000_000002_insert_messages',1751640007),
	('m250704_140939_create_table_complaint_order',1751640013),
	('m250704_142115_create_table_synonym',1751640019),
	('m250704_142601_create_table_user_filter',1751640026);

/*!40000 ALTER TABLE `migration` ENABLE KEYS */;
UNLOCK TABLES;


# Dump of table notification
# ------------------------------------------------------------

DROP TABLE IF EXISTS `notification`;

CREATE TABLE `notification` (
  `ID` int(11) NOT NULL AUTO_INCREMENT,
  `created_at` timestamp NULL DEFAULT NULL,
  `updated_at` timestamp NULL DEFAULT current_timestamp() ON UPDATE current_timestamp(),
  `type` tinyint(1) DEFAULT NULL,
  `objectID` int(11) DEFAULT NULL,
  `view` tinyint(1) DEFAULT NULL,
  `userID` int(11) NOT NULL,
  PRIMARY KEY (`ID`)
) ENGINE=InnoDB DEFAULT CHARSET=utf8mb3 COLLATE=utf8mb3_unicode_ci;

LOCK TABLES `notification` WRITE;
/*!40000 ALTER TABLE `notification` DISABLE KEYS */;

INSERT INTO `notification` (`ID`, `created_at`, `updated_at`, `type`, `objectID`, `view`, `userID`)
VALUES
	(397,'2025-02-25 12:37:30','2025-02-25 12:37:30',0,7,1,576),
	(398,'2025-02-25 12:58:42','2025-02-25 12:58:42',0,9,1,576),
	(399,'2025-02-25 13:06:00','2025-02-25 13:06:00',0,10,1,576),
	(400,'2025-02-25 13:09:47','2025-02-25 13:09:47',0,8,1,447),
	(401,'2025-02-25 13:09:57','2025-02-25 13:09:57',0,11,1,576),
	(402,'2025-02-25 13:11:05','2025-02-25 13:11:05',0,12,1,576),
	(403,'2025-02-25 13:34:22','2025-02-25 13:34:22',0,14,1,576),
	(404,'2025-02-25 13:40:34','2025-02-25 13:40:34',0,15,1,576),
	(405,'2025-02-25 13:46:40','2025-02-25 13:46:40',0,16,1,447),
	(406,'2025-02-25 14:23:36','2025-02-25 14:23:36',0,8,1,576),
	(407,'2025-02-25 17:03:03','2025-02-25 17:03:03',0,13,1,579),
	(408,'2025-02-25 17:03:05','2025-02-25 17:03:05',0,8,1,579),
	(409,'2025-02-26 06:41:34','2025-02-26 06:41:34',0,13,1,582),
	(410,'2025-02-26 08:52:28','2025-02-26 08:52:28',0,17,1,447),
	(411,'2025-02-26 12:55:12','2025-02-26 12:55:12',0,18,1,447),
	(412,'2025-02-26 16:51:40','2025-02-26 16:51:40',0,13,1,447),
	(413,'2025-02-27 10:48:34','2025-02-27 10:48:34',0,19,1,447),
	(414,'2025-02-27 12:00:43','2025-02-27 12:00:43',0,20,1,447),
	(415,'2025-02-27 12:09:40','2025-02-27 12:09:40',0,22,1,447),
	(416,'2025-02-27 12:14:35','2025-02-27 12:14:35',0,23,1,447),
	(417,'2025-02-27 12:29:42','2025-02-27 12:29:42',0,21,1,447),
	(418,'2025-03-02 14:21:35','2025-03-02 14:21:35',0,24,1,447),
	(419,'2025-03-03 08:12:50','2025-03-03 08:12:50',0,25,1,586),
	(420,'2025-03-03 08:33:27','2025-03-03 08:33:27',0,26,1,586),
	(421,'2025-03-03 08:35:37','2025-03-03 08:35:37',0,23,1,586),
	(422,'2025-03-03 08:51:15','2025-03-03 08:51:15',0,27,1,586),
	(423,'2025-03-03 08:52:29','2025-03-03 08:52:29',0,28,1,586),
	(424,'2025-03-03 10:38:23','2025-03-03 10:38:23',0,28,1,447),
	(425,'2025-03-03 17:02:19','2025-03-03 17:02:19',0,29,1,586),
	(426,'2025-03-03 17:15:54','2025-03-03 17:15:54',0,30,1,586),
	(427,'2025-03-03 17:27:39','2025-03-03 17:27:39',0,31,1,586),
	(428,'2025-03-03 17:30:24','2025-03-03 17:30:24',0,32,1,586),
	(429,'2025-03-03 17:36:52','2025-03-03 17:36:52',0,33,1,586),
	(430,'2025-03-03 17:37:50','2025-03-03 17:37:50',0,34,1,586),
	(431,'2025-03-03 17:48:45','2025-03-03 17:48:45',0,35,1,586),
	(432,'2025-03-03 17:52:28','2025-03-03 17:52:28',0,36,1,586),
	(433,'2025-03-03 17:54:35','2025-03-03 17:54:35',0,37,1,586),
	(434,'2025-03-03 17:55:54','2025-03-03 17:55:54',0,38,1,586),
	(435,'2025-03-03 17:57:12','2025-03-03 17:57:12',0,39,1,586),
	(436,'2025-03-03 19:38:13','2025-03-03 19:38:13',0,39,1,447),
	(437,'2025-03-04 08:46:45','2025-03-04 08:46:45',0,40,1,447),
	(438,'2025-03-04 08:51:13','2025-03-04 08:51:13',0,41,1,447),
	(439,'2025-03-04 08:58:15','2025-03-04 08:58:15',0,42,1,447),
	(440,'2025-03-04 09:48:55','2025-03-04 09:48:55',0,35,1,447),
	(441,'2025-03-04 11:36:55','2025-03-04 11:36:55',0,46,1,447),
	(442,'2025-03-04 11:39:11','2025-03-04 11:39:11',0,47,1,447),
	(443,'2025-03-04 12:01:02','2025-03-04 12:01:02',0,33,1,447),
	(444,'2025-03-04 12:41:06','2025-03-04 12:41:06',0,47,1,587),
	(445,'2025-03-04 12:41:19','2025-03-04 12:41:19',0,42,1,587),
	(446,'2025-03-04 13:11:33','2025-03-04 13:11:33',0,35,1,587),
	(447,'2025-03-04 13:30:06','2025-03-04 13:30:06',0,46,1,587),
	(448,'2025-03-04 13:30:11','2025-03-04 13:30:11',0,39,1,587),
	(449,'2025-03-04 15:29:42','2025-03-04 15:29:42',0,49,1,586),
	(450,'2025-03-04 19:49:04','2025-03-04 19:49:04',0,49,1,447),
	(451,'2025-03-05 16:39:17','2025-03-05 16:39:17',0,47,1,586),
	(452,'2025-03-05 16:49:24','2025-03-05 16:49:24',0,62,1,586),
	(453,'2025-03-05 16:51:47','2025-03-05 16:51:47',0,46,1,586),
	(454,'2025-03-05 18:22:09','2025-03-05 18:22:09',0,49,1,591),
	(455,'2025-03-05 18:22:16','2025-03-05 18:22:16',0,50,1,591),
	(456,'2025-03-06 07:22:40','2025-03-06 07:22:40',0,50,1,447),
	(457,'2025-03-06 07:24:21','2025-03-06 07:24:21',0,38,1,447),
	(458,'2025-03-07 08:44:06','2025-03-07 08:44:06',0,65,1,447),
	(459,'2025-03-07 09:19:24','2025-03-07 09:19:24',0,63,1,447),
	(460,'2025-03-07 12:14:12','2025-03-07 12:14:12',0,64,1,447),
	(461,'2025-03-14 13:28:47','2025-03-14 13:28:47',0,31,1,447),
	(462,'2025-03-14 13:48:35','2025-03-14 13:48:35',0,67,1,447),
	(463,'2025-03-14 18:26:39','2025-03-14 18:26:39',0,66,1,447),
	(464,'2025-03-15 20:00:20','2025-03-15 20:00:20',0,68,1,447),
	(465,'2025-03-17 13:22:01','2025-03-17 13:22:01',0,69,1,447),
	(466,'2025-03-18 08:38:09','2025-03-18 08:38:09',0,70,1,447),
	(467,'2025-03-18 14:27:58','2025-03-18 14:27:58',0,71,1,447),
	(468,'2025-03-24 09:10:30','2025-03-24 09:10:30',0,72,1,447),
	(469,'2025-04-09 12:43:27','2025-04-09 12:43:27',0,2,1,594),
	(470,'2025-04-09 14:38:02','2025-04-09 14:38:02',0,1,1,594),
	(471,'2025-04-10 06:14:41','2025-04-10 06:14:41',0,3,1,594),
	(472,'2025-04-10 07:21:13','2025-04-10 07:21:13',0,4,1,597),
	(473,'2025-04-30 09:37:07','2025-04-30 09:37:07',0,2,1,598),
	(474,'2025-05-05 10:37:58','2025-05-05 10:37:58',0,3,1,598),
	(475,'2025-05-07 06:11:17','2025-05-07 06:11:17',0,5,1,598),
	(476,'2025-05-08 07:50:08','2025-05-08 07:50:08',0,6,1,598),
	(477,'2025-05-08 07:55:00','2025-05-08 07:55:00',0,7,1,598),
	(478,'2025-05-08 08:41:56','2025-05-08 08:41:56',0,8,1,598),
	(479,'2025-05-09 06:11:59','2025-05-09 06:11:59',0,9,1,598),
	(480,'2025-05-09 06:43:48','2025-05-09 06:43:48',0,1,1,598),
	(481,'2025-05-09 07:31:46','2025-05-09 07:31:46',0,10,1,598),
	(482,'2025-05-13 09:21:25','2025-05-13 09:21:25',0,12,1,598),
	(483,'2025-05-17 12:05:15','2025-05-17 12:05:15',0,11,1,598),
	(484,'2025-05-21 12:28:09','2025-05-21 12:28:09',0,13,1,598),
	(485,'2025-05-21 13:01:47','2025-05-21 13:01:47',0,14,1,598);

/*!40000 ALTER TABLE `notification` ENABLE KEYS */;
UNLOCK TABLES;


# Dump of table offer
# ------------------------------------------------------------

DROP TABLE IF EXISTS `offer`;

CREATE TABLE `offer` (
  `ID` int(11) NOT NULL AUTO_INCREMENT,
  `created_at` timestamp NULL DEFAULT NULL,
  `updated_at` timestamp NULL DEFAULT current_timestamp() ON UPDATE current_timestamp(),
  `userID` int(11) NOT NULL,
  `categoryID` int(11) NOT NULL,
  `orderID` int(11) NOT NULL,
  `price` decimal(11,2) DEFAULT NULL,
  `comment` text DEFAULT NULL,
  `image` varchar(255) DEFAULT NULL,
  `accepted` datetime DEFAULT NULL,
  `oldPrice` varchar(255) DEFAULT NULL,
  `status` tinyint(1) DEFAULT NULL,
  `paid` tinyint(1) DEFAULT NULL,
  PRIMARY KEY (`ID`)
) ENGINE=InnoDB DEFAULT CHARSET=utf8mb3 COLLATE=utf8mb3_unicode_ci;

LOCK TABLES `offer` WRITE;
/*!40000 ALTER TABLE `offer` DISABLE KEYS */;

INSERT INTO `offer` (`ID`, `created_at`, `updated_at`, `userID`, `categoryID`, `orderID`, `price`, `comment`, `image`, `accepted`, `oldPrice`, `status`, `paid`)
VALUES
	(1,'2025-05-08 07:51:33','2025-05-08 07:52:43',598,388,6,12000.00,'є в києві, доставк4а безплатно','[\"https:\\/\\/blablaprice.com\\/uploads\\/681c7e9138fb0.jpg\"]','2025-05-08 09:52:43','12000.00',NULL,1),
	(2,'2025-05-08 08:13:16','2025-05-08 08:41:16',598,674,5,34.00,'Акваріумістика\r\nЗалишилось - 28днів\r\nРегіон - Запорізька область','null','2025-05-08 10:41:16','34.00',NULL,1),
	(3,'2025-05-09 06:31:28','2025-05-09 07:29:38',598,379,9,3645.00,'firko2@ukr.net\r\n0\r\n1\r\n0\r\nКолеса в зборі\r\nХочу\r\nЗалишилось - 29днів\r\nРегіон - Івано-Франківська область','null','2025-05-09 09:15:40','3645.00',1,1),
	(4,'2025-05-09 07:31:54','2025-05-09 08:06:17',598,394,10,56745.00,'\r\nfirko2@ukr.net\r\n2\r\n1\r\n0\r\n2\r\nпозитивних\r\n1\r\nнейтральних\r\n0\r\nнегативних\r\nDaewoo','null','2025-05-09 09:32:03','56745.00',2,1),
	(5,'2025-05-09 09:19:00','2025-05-09 09:25:47',598,25,3,534.00,'Одяг для дівчаток\r\nЗалишилось - 26днів\r\nРегіон - Вся Україна','null','2025-05-09 11:19:36','534.00',1,1),
	(6,'2025-05-09 09:39:05','2025-05-09 11:31:25',598,677,2,64656.00,'\r\nfirko2@ukr.net\r\n2\r\n1\r\n0\r\nРептилії\r\nхочу\r\nЗалишилось - 21днів\r\nРегіон - Вся Україна','null','2025-05-09 11:39:21','64656.00',2,1),
	(7,'2025-05-09 09:56:32','2025-05-09 09:58:04',598,676,1,76.00,'\r\nfirko2@ukr.net\r\n2\r\n1\r\n0\r\nГризуни\r\nЗалишилось - 13днів\r\nРегіон - Вся Україна','null','2025-05-09 11:57:18','76.00',1,1),
	(8,'2025-05-21 12:32:33','2025-05-21 12:32:33',598,1214,13,6456.00,'тест','null',NULL,NULL,NULL,NULL);

/*!40000 ALTER TABLE `offer` ENABLE KEYS */;
UNLOCK TABLES;


# Dump of table offer_image
# ------------------------------------------------------------

DROP TABLE IF EXISTS `offer_image`;

CREATE TABLE `offer_image` (
  `ID` int(11) NOT NULL AUTO_INCREMENT,
  `created_at` timestamp NULL DEFAULT NULL,
  `updated_at` timestamp NULL DEFAULT current_timestamp() ON UPDATE current_timestamp(),
  `offerID` int(11) NOT NULL,
  `image` varchar(255) NOT NULL,
  PRIMARY KEY (`ID`)
) ENGINE=InnoDB DEFAULT CHARSET=utf8mb3 COLLATE=utf8mb3_unicode_ci;



# Dump of table order
# ------------------------------------------------------------

DROP TABLE IF EXISTS `order`;

CREATE TABLE `order` (
  `ID` int(11) NOT NULL AUTO_INCREMENT,
  `created_at` timestamp NULL DEFAULT NULL,
  `updated_at` timestamp NULL DEFAULT current_timestamp() ON UPDATE current_timestamp(),
  `primary_categoryID` int(11) DEFAULT 0,
  `parentID` int(11) NOT NULL,
  `categoryID` int(20) DEFAULT NULL,
  `userID` int(11) NOT NULL,
  `productID` int(11) DEFAULT NULL,
  `regionID` int(11) DEFAULT NULL,
  `filter` text DEFAULT NULL,
  `refuseID` int(11) NOT NULL,
  `comment` text DEFAULT NULL,
  `priceFrom` decimal(11,2) DEFAULT NULL,
  `priceTo` decimal(11,2) DEFAULT NULL,
  `deadLine` datetime DEFAULT NULL,
  `status` tinyint(1) DEFAULT NULL,
  `send` int(11) DEFAULT NULL,
  PRIMARY KEY (`ID`)
) ENGINE=InnoDB DEFAULT CHARSET=utf8mb3 COLLATE=utf8mb3_unicode_ci;

LOCK TABLES `order` WRITE;
/*!40000 ALTER TABLE `order` DISABLE KEYS */;

INSERT INTO `order` (`ID`, `created_at`, `updated_at`, `primary_categoryID`, `parentID`, `categoryID`, `userID`, `productID`, `regionID`, `filter`, `refuseID`, `comment`, `priceFrom`, `priceTo`, `deadLine`, `status`, `send`)
VALUES
	(1,'2025-04-23 12:37:36','2025-05-09 09:57:18',670,676,676,596,NULL,0,'',0,'',0.00,NULL,'2025-05-22 00:00:00',0,0),
	(2,'2025-04-30 08:34:53','2025-05-09 11:31:25',670,677,677,596,NULL,0,'',0,'хочу',0.00,NULL,'2025-05-30 00:00:00',1,0),
	(3,'2025-05-05 10:35:32','2025-05-09 09:19:36',22,23,25,596,NULL,0,'',0,'',0.00,NULL,'2025-06-04 00:00:00',0,0),
	(4,'2025-05-07 06:00:44','2025-05-07 06:01:09',81,180,184,596,NULL,9,'',0,'',0.00,NULL,'2025-06-06 00:00:00',0,0),
	(5,'2025-05-07 06:10:53','2025-05-08 08:41:16',670,674,674,596,NULL,8,'',0,'',0.00,NULL,'2025-06-05 00:00:00',0,0),
	(6,'2025-05-08 07:49:42','2025-05-08 07:52:43',309,387,388,596,NULL,0,'',0,'шукаю на мдх 220р диски чорні до 15тис грн',0.00,NULL,'2025-06-07 00:00:00',0,0),
	(7,'2025-05-08 07:52:09','2025-05-08 07:52:09',309,387,388,596,NULL,0,'',0,'шукаю на мдх 220р диски чорні до 15тис грн',0.00,NULL,'2025-06-07 00:00:00',1,0),
	(8,'2025-05-08 08:40:01','2025-05-08 08:40:01',309,387,388,596,NULL,0,'',0,'шукаю на мдх 220р диски чорні до 15тис грн',0.00,NULL,'2025-06-07 00:00:00',1,0),
	(9,'2025-05-08 16:41:04','2025-05-09 07:15:40',309,376,379,596,NULL,9,'',0,'Хочу ',0.00,NULL,'2025-06-07 00:00:00',0,0),
	(10,'2025-05-09 07:15:33','2025-05-09 08:06:17',309,387,394,596,NULL,0,'',0,'',0.00,NULL,'2025-06-08 00:00:00',1,0),
	(11,'2025-05-09 11:26:09','2025-05-09 11:26:09',81,193,198,596,NULL,0,'',0,'',0.00,NULL,'2025-06-08 00:00:00',1,0),
	(12,'2025-05-09 11:26:51','2025-05-09 11:26:51',81,215,221,596,NULL,0,'',0,'',0.00,NULL,'2025-06-08 00:00:00',1,0),
	(13,'2025-05-20 08:39:14','2025-05-20 08:39:14',1163,1213,1214,596,NULL,0,'',0,'',0.00,NULL,'2025-06-18 00:00:00',1,0),
	(14,'2025-05-21 12:45:12','2025-05-21 12:45:12',683,712,714,596,NULL,0,'',0,'',0.00,NULL,'2025-06-20 00:00:00',1,0),
	(15,'2025-05-28 08:15:42','2025-05-28 08:15:42',53,54,55,596,NULL,7,'',0,'',0.00,NULL,'2025-06-27 00:00:00',1,0),
	(16,'2025-05-28 14:00:51','2025-05-28 14:00:51',724,751,755,596,NULL,5,'',0,'',0.00,NULL,'2025-06-27 00:00:00',1,0),
	(17,'2025-05-28 18:05:42','2025-05-28 18:06:11',53,57,59,605,NULL,0,'',0,'',0.00,NULL,'2025-06-27 00:00:00',0,0);

/*!40000 ALTER TABLE `order` ENABLE KEYS */;
UNLOCK TABLES;


# Dump of table payment
# ------------------------------------------------------------

DROP TABLE IF EXISTS `payment`;

CREATE TABLE `payment` (
  `ID` int(11) NOT NULL AUTO_INCREMENT,
  `created_at` timestamp NULL DEFAULT NULL,
  `updated_at` timestamp NULL DEFAULT current_timestamp() ON UPDATE current_timestamp(),
  `userID` int(11) NOT NULL,
  `amount` decimal(11,2) NOT NULL,
  PRIMARY KEY (`ID`)
) ENGINE=InnoDB DEFAULT CHARSET=utf8mb3 COLLATE=utf8mb3_unicode_ci;



# Dump of table product
# ------------------------------------------------------------

DROP TABLE IF EXISTS `product`;

CREATE TABLE `product` (
  `ID` int(11) NOT NULL AUTO_INCREMENT,
  `created_at` timestamp NULL DEFAULT NULL,
  `updated_at` timestamp NULL DEFAULT current_timestamp() ON UPDATE current_timestamp(),
  `categoryID` int(20) NOT NULL,
  `name` varchar(255) NOT NULL,
  `link` varchar(255) DEFAULT NULL,
  `image` text DEFAULT NULL,
  `description` text DEFAULT NULL,
  `price` decimal(11,2) DEFAULT NULL,
  `USD` decimal(11,2) DEFAULT NULL,
  PRIMARY KEY (`ID`),
  UNIQUE KEY `name` (`name`),
  KEY `USD` (`USD`)
) ENGINE=InnoDB DEFAULT CHARSET=utf8mb3 COLLATE=utf8mb3_unicode_ci;



# Dump of table synonym
# ------------------------------------------------------------

DROP TABLE IF EXISTS `synonym`;

CREATE TABLE `synonym` (
  `ID` int(11) NOT NULL,
  `categoryID` bigint(20) NOT NULL,
  `parentID` int(20) NOT NULL,
  `synonym` varchar(255) CHARACTER SET utf8mb3 COLLATE utf8mb3_uca1400_ai_ci NOT NULL,
  PRIMARY KEY (`ID`),
  UNIQUE KEY `idx` (`categoryID`,`parentID`),
  KEY `synonym` (`synonym`)
) ENGINE=MyISAM DEFAULT CHARSET=cp1251 COLLATE=cp1251_general_ci;

LOCK TABLES `synonym` WRITE;
/*!40000 ALTER TABLE `synonym` DISABLE KEYS */;

INSERT INTO `synonym` (`ID`, `categoryID`, `parentID`, `synonym`)
VALUES
	(1,-1112857665,1279647096,'Мобилы'),
	(2,-2113661084,975251364,'Ноуты');

/*!40000 ALTER TABLE `synonym` ENABLE KEYS */;
UNLOCK TABLES;


# Dump of table user
# ------------------------------------------------------------

DROP TABLE IF EXISTS `user`;

CREATE TABLE `user` (
  `ID` int(11) NOT NULL AUTO_INCREMENT,
  `created_at` timestamp NULL DEFAULT NULL,
  `updated_at` timestamp NOT NULL DEFAULT current_timestamp(),
  `region_id` int(11) NOT NULL,
  `username` varchar(255) NOT NULL,
  `email` varchar(255) NOT NULL,
  `email_sent` timestamp NOT NULL DEFAULT '0000-00-00 00:00:00',
  `email_approved` timestamp NOT NULL DEFAULT '0000-00-00 00:00:00',
  `phone` varchar(255) NOT NULL,
  `phone_sent` timestamp NOT NULL DEFAULT '0000-00-00 00:00:00',
  `phone_approved` timestamp NOT NULL DEFAULT '0000-00-00 00:00:00',
  `image` varchar(255) NOT NULL,
  `address` varchar(255) NOT NULL,
  `status` smallint(6) NOT NULL DEFAULT 10,
  `role` smallint(6) NOT NULL,
  `authKey` varchar(255) NOT NULL,
  `passwordHash` varchar(255) NOT NULL,
  `passwordResetToken` varchar(255) NOT NULL,
  `priceDown` int(11) NOT NULL,
  `addressBookID` int(11) NOT NULL,
  `smsCode` varchar(10) NOT NULL,
  `emailCode` varchar(128) NOT NULL,
  `balance` int(11) NOT NULL DEFAULT 100,
  `bal` int(11) NOT NULL DEFAULT 100,
  PRIMARY KEY (`ID`)
) ENGINE=MyISAM DEFAULT CHARSET=utf8mb3 COLLATE=utf8mb3_uca1400_ai_ci;

LOCK TABLES `user` WRITE;
/*!40000 ALTER TABLE `user` DISABLE KEYS */;

INSERT INTO `user` (`ID`, `created_at`, `updated_at`, `region_id`, `username`, `email`, `email_sent`, `email_approved`, `phone`, `phone_sent`, `phone_approved`, `image`, `address`, `status`, `role`, `authKey`, `passwordHash`, `passwordResetToken`, `priceDown`, `addressBookID`, `smsCode`, `emailCode`, `balance`, `bal`)
VALUES
	(607,'2025-05-28 18:11:23','2025-05-28 18:11:27',0,'vitusinskijmaksim','vitusinskijmaksim@gmail.com','2025-05-28 18:11:23','0000-00-00 00:00:00','','0000-00-00 00:00:00','0000-00-00 00:00:00','','',10,1,'','$2y$13$iOf5uqUJhDkMLZNjgeqd8eDjAUftdXYe8rLjdw0ew06KaH1OZIyAO','',0,0,'','42c-K3h74ROnq3VhjqRYhYqbhJNIbToM',100,100),
	(598,'2025-04-15 10:59:30','2025-05-09 11:31:25',0,'prodavec','derevbud@ukr.net','2025-04-15 10:59:30','0000-00-00 00:00:00','','0000-00-00 00:00:00','0000-00-00 00:00:00','','',10,2,'TM71OpxG5_e4pjiXUofEdBm3PghqJcsJ','$2y$13$PQjvA5k1QAtZ/RIIR80A7.EU8VZhMQBo2NaX.GqeBf5LzA9Ye2uDy','',12,0,'','2i4xpdtVUdZIpM_F9vtPtbSgKLAe5Voe',2,2),
	(596,'2025-04-10 07:07:49','2025-04-30 08:34:45',0,'firko2@ukr.net','firko2@ukr.net','2025-04-10 07:07:48','0000-00-00 00:00:00',' 380-67-341-4081','2025-04-30 08:34:45','2025-04-30 08:34:45','','',10,1,'','$2y$13$uJzLNqzpUSs7C5BP.p1qwO1/WCmRCVN8MTKC1drLOEn8JoHwL65Ae','',0,0,'','IQjmyi5DActDDMdndShn3X3BMyk-d6w7',100,100);

/*!40000 ALTER TABLE `user` ENABLE KEYS */;
UNLOCK TABLES;


# Dump of table user2category
# ------------------------------------------------------------

DROP TABLE IF EXISTS `user2category`;

CREATE TABLE `user2category` (
  `ID` int(11) NOT NULL AUTO_INCREMENT,
  `created_at` timestamp NULL DEFAULT NULL,
  `updated_at` timestamp NULL DEFAULT current_timestamp() ON UPDATE current_timestamp(),
  `userID` int(11) DEFAULT NULL,
  `categoryID` int(20) DEFAULT NULL,
  `status` tinyint(1) DEFAULT NULL,
  PRIMARY KEY (`ID`),
  KEY `fk-user2category-to-user` (`userID`),
  CONSTRAINT `fk-user2category-to-user` FOREIGN KEY (`userID`) REFERENCES `user_us` (`ID`) ON DELETE CASCADE ON UPDATE CASCADE
) ENGINE=InnoDB DEFAULT CHARSET=utf8mb3 COLLATE=utf8mb3_unicode_ci;



# Dump of table user_admin
# ------------------------------------------------------------

DROP TABLE IF EXISTS `user_admin`;

CREATE TABLE `user_admin` (
  `ID` int(11) NOT NULL AUTO_INCREMENT,
  `created_at` timestamp NULL DEFAULT NULL,
  `updated_at` timestamp NULL DEFAULT current_timestamp() ON UPDATE current_timestamp(),
  `username` varchar(255) NOT NULL,
  `email` varchar(255) NOT NULL,
  `status` smallint(6) NOT NULL DEFAULT 10,
  `authKey` varchar(32) NOT NULL,
  `passwordHash` varchar(255) NOT NULL,
  `passwordResetToken` varchar(255) DEFAULT NULL,
  PRIMARY KEY (`ID`),
  UNIQUE KEY `username` (`username`),
  UNIQUE KEY `email` (`email`),
  UNIQUE KEY `passwordResetToken` (`passwordResetToken`)
) ENGINE=InnoDB DEFAULT CHARSET=utf8mb3 COLLATE=utf8mb3_unicode_ci;



# Dump of table user_filter
# ------------------------------------------------------------

DROP TABLE IF EXISTS `user_filter`;

CREATE TABLE `user_filter` (
  `ID` int(10) NOT NULL AUTO_INCREMENT,
  `userID` int(10) NOT NULL,
  `filter` text NOT NULL,
  `count` int(10) NOT NULL DEFAULT 0,
  PRIMARY KEY (`ID`)
) ENGINE=MyISAM DEFAULT CHARSET=utf8mb3 COLLATE=utf8mb3_uca1400_ai_ci;




/*!40111 SET SQL_NOTES=@OLD_SQL_NOTES */;
/*!40101 SET SQL_MODE=@OLD_SQL_MODE */;
/*!40014 SET FOREIGN_KEY_CHECKS=@OLD_FOREIGN_KEY_CHECKS */;
/*!40101 SET CHARACTER_SET_CLIENT=@OLD_CHARACTER_SET_CLIENT */;
/*!40101 SET CHARACTER_SET_RESULTS=@OLD_CHARACTER_SET_RESULTS */;
/*!40101 SET COLLATION_CONNECTION=@OLD_COLLATION_CONNECTION */;
